alpha_1,alpha_2,alpha_3,alpha_4,alpha_5,beta_11,beta_22,beta_33,beta_44,beta_55,beta_12,beta_13,beta_14,beta_15,beta_23,beta_24,beta_25,beta_34,beta_35,beta_45
0.986842330428772,-0.132176275015809,0.600422713789158,0.562269596382976,0.0602254825644195,0.15037531289272,-0.25341723090969,0.232544287806377,-0.0458012467715889,-0.11332171713002,0,0,0,0,0,0,0,0,0,0
-0.16656156105455,0.0905488131102175,-0.24801245261915,-0.237975255586207,-0.472097688238136,-0.166978788329288,0.340303690871224,0.221217696787789,-0.195151176303625,-0.419549307785928,0,0,0,0,0,0,0,0,0,0
0.811539313755929,-0.119481513509527,0.0061380773549899,0.556367488345131,-0.289535759366117,0.199404885992408,-0.229254573816434,0.22269607661292,0.0169596131891012,0.290170712163672,0,0,0,0,0,0,0,0,0,0
-0.0808959098067135,0.470277030719444,0.227845313260332,-0.275061395135708,0.769995235605165,-0.291463414207101,0.203254166059196,0.48609118303284,-0.326037249760702,-0.0254485213663429,0,0,0,0,0,0,0,0,0,0
0.528681570081972,0.105806990060955,0.943035025265999,0.0551075752591714,-0.480656178900972,-0.443717065034434,-0.341498410562053,-0.405406553065404,0.347846540156752,0.0992393146734685,0,0,0,0,0,0,0,0,0,0
0.393224259605631,0.425291014835238,0.192550564184785,0.463032385217957,0.337401334545575,0.140108647290617,-0.248980610398576,0.0008779286872595,0.436212583910674,-0.348638957133517,0,0,0,0,0,0,0,0,0,0
0.577337100752629,0.683413180056959,0.348404380725697,0.634776214952581,0.528091735905036,-0.348607551539317,-0.0731394286267459,0.459601971320808,-0.0848014696966857,0.491011618403718,0,0,0,0,0,0,0,0,0,0
-0.185488464892842,-0.373287894413806,0.683915032539517,0.116172813926823,-0.211222754791379,0.240872845053673,-0.0131326545961201,-0.0354360928758979,-0.34326467034407,-0.400921543128788,0,0,0,0,0,0,0,0,0,0
0.532678413903341,0.0957930021686479,-0.434808943071403,-0.162746705464087,0.972990706330165,-0.45248725800775,0.0834233318455517,0.189078333321959,0.128846897976473,0.282206356525421,0,0,0,0,0,0,0,0,0,0
0.451951177092269,0.465635983506218,-0.164873566944152,-0.0227422442985699,0.628690052195452,-0.378010036889464,0.0633046445436776,-0.413585677742958,0.164514812408015,-0.484122748486698,0,0,0,0,0,0,0,0,0,0
-0.36944450926967,0.102240270585753,0.737651980598457,0.912449470022693,-0.445585510577075,0.299244727008045,-0.284529623342678,0.326135017676279,0.0540136401541531,-0.349715068703517,0,0,0,0,0,0,0,0,0,0
0.572569056181237,-0.462970193824731,0.0463268558960408,0.560961918905377,0.896717817522585,-0.0714435088448226,0.368780263932422,-0.483897196128964,-0.259657106595114,0.256132798502222,0,0,0,0,0,0,0,0,0,0
0.329534149030223,0.358574672252871,0.236527142231353,0.168254310265183,-0.162888595019467,0.48318416881375,-0.456369876861572,-0.453251631231979,0.321045546559617,-0.159583785105497,0,0,0,0,0,0,0,0,0,0
-0.389398938394152,-0.177005014615133,0.520329105202109,0.38887832139153,0.969572504400276,0.160568082937971,-0.359860606025904,0.179919400718063,0.228529919171706,0.173669938696548,0,0,0,0,0,0,0,0,0,0
0.799575605429709,0.809149961802177,0.590667751152068,0.0531634301878512,0.435052496497519,0.328204785473645,-0.236322145909071,-0.233541725901887,0.184553387807682,-0.481630854075775,0,0,0,0,0,0,0,0,0,0
0.946889507700689,0.579900738317519,0.12511008803267,0.0229650245746598,-0.14014322438743,-0.0324468144681305,0.171270209597424,0.275295286206529,-0.0075533457566052,0.0351076298393309,0,0,0,0,0,0,0,0,0,0
0.66500912536867,0.530112367938273,0.930386100546457,-0.134386244113557,0.467501545092091,0.196752050193027,-0.408203889383003,-0.478757374919951,0.495731982635334,-0.334749607834965,0,0,0,0,0,0,0,0,0,0
0.624855350004509,-0.385439810343087,0.7872842582874,-0.203245856100693,-0.447229227633215,-0.0706619757693261,0.256213607499376,0.415983896702528,-0.354522584704682,0.144250434823334,0,0,0,0,0,0,0,0,0,0
0.43281976878643,0.0893902144161984,0.969167888630182,0.462756852852181,0.228521264158189,0.374736464116722,-0.34538402268663,-0.0419325595721602,0.301610881462693,0.299428679980338,0,0,0,0,0,0,0,0,0,0
0.528059939504601,0.782392708119005,0.890970410080627,-0.22805112414062,0.130113752442412,0.317553801927716,0.325522488681599,0.422743313480169,0.0121142577845603,0.423978365026414,0,0,0,0,0,0,0,0,0,0
-0.349870156147517,0.0065533999586477,-0.27217381587252,0.740395693923347,-0.498856612364762,-0.0245829164050519,0.0259099013637751,0.431351801846176,0.229317560093477,-0.474194699432701,0,0,0,0,0,0,0,0,0,0
-0.252505087759346,-0.458005610387772,0.238227010704577,0.313053731690161,0.293136533582583,0.491671776166186,0.137453070608899,-0.207845996832475,0.289244482992217,-0.349040694534779,0,0,0,0,0,0,0,0,0,0
-0.47285478503909,-0.199901770800352,0.393768289824948,0.271520891226828,0.321755904937163,0.343688078923151,0.459687274415046,0.485667469445616,-0.0866472744382918,-0.154658415587619,0,0,0,0,0,0,0,0,0,0
-0.0151246652239934,-0.359566193306819,-0.125005768495612,0.588131545810029,0.250388625194319,0.365159212844446,-0.475228640483692,0.121616957709193,-0.404382214648649,-0.113334232242778,0,0,0,0,0,0,0,0,0,0
0.214976964984089,0.687169413664378,0.329963797354139,-0.438867669785395,0.786059890291654,-0.278587218374014,-0.0621445847209543,-0.260357812047005,0.401588779641315,0.258597390726209,0,0,0,0,0,0,0,0,0,0
0.203786630765535,-0.180282370536588,-0.155038794619031,0.300390085554682,0.25352534011472,0.178613181458786,-0.319538712967187,-0.073650463251397,0.216261375928298,-0.0709173229988664,0,0,0,0,0,0,0,0,0,0
0.259056039736606,0.998541819164529,0.054321342962794,0.867357767769136,-0.336279946845025,-0.208411529194564,0.221932373009622,0.199047819711268,-0.0641029162798077,-0.0272437387611717,0,0,0,0,0,0,0,0,0,0
-0.494093112531118,-0.0507580026751384,-0.396789261722006,0.987904192181304,0.556985029950738,0.0495010246522725,0.217876081122085,0.419529054779559,-0.248740228125826,-0.375885100802407,0,0,0,0,0,0,0,0,0,0
0.045184685732238,-0.382166866445914,0.132450522272848,0.674130233121105,0.447097051772289,0.451687960419804,-0.174179951660335,0.309925047447905,0.250962151447311,0.498897314770147,0,0,0,0,0,0,0,0,0,0
-0.124345365678892,0.335821371292695,0.552329466328956,0.411754857632332,0.357060477253981,-0.350730195874348,-0.272338872309774,-0.0009998036548495,0.215108812088147,-0.0212420497555286,0,0,0,0,0,0,0,0,0,0
0.602897256612778,0.242763092042878,0.933589114923961,-0.371787069598213,0.566171000362374,-0.285753123695031,0.0863839832600206,-0.471226167399436,0.0145462653599679,0.210261433385313,0,0,0,0,0,0,0,0,0,0
-0.113350035040639,0.343487451551482,-0.435004341648892,-0.350681778625585,0.547110030078329,0.464044943219051,0.174046241445467,0.170622701523826,-0.0643730706069618,-0.183815378230065,0,0,0,0,0,0,0,0,0,0
-0.070667787338607,0.160750022390857,0.0922773263882846,0.131211769534275,-0.260794017813168,0.0284750640857965,0.244850721443072,0.479653544956818,-0.0686455306131393,0.32758021610789,0,0,0,0,0,0,0,0,0,0
0.744669838342816,0.991404855274595,0.399595359573141,-0.0776467645773664,0.127226373646408,-0.470816004555672,-0.425277114380151,-0.477547765243798,-0.44571849051863,-0.0265363273210824,0,0,0,0,0,0,0,0,0,0
0.197465249104425,0.93352328625042,0.0843844213522971,0.762963304645382,0.0734653195831925,0.290644839406013,0.244122057687491,0.233690345194191,-0.0465109630022198,-0.446406811941415,0,0,0,0,0,0,0,0,0,0
0.184633927186951,-0.0903990800725296,0.280066350474954,0.702001395286061,0.0227627021959051,-0.131975324358791,-0.0724817798472941,-0.278771157376468,0.140974892769009,0.268029287224635,0,0,0,0,0,0,0,0,0,0
-0.0652760212542489,0.409861040301621,0.164392512873746,-0.213631284190342,0.536103698192164,-0.0813736310228705,-0.179386505624279,0.101532658562064,-0.0710832332260907,-0.357428104849532,0,0,0,0,0,0,0,0,0,0
-0.194659065688029,0.731363353668712,-0.182518949732184,-0.180827131378464,0.398614314384758,0.389544109348208,0.0474171543028206,0.0156138138845563,0.0406974935904145,0.259289478650317,0,0,0,0,0,0,0,0,0,0
-0.279157817014493,-0.477170918951742,0.934209092869423,0.559579122113064,0.131852050195448,-0.279638083884493,-0.203601648332551,0.0228160105179995,-0.0080649603623896,-0.404780839337036,0,0,0,0,0,0,0,0,0,0
-0.446647872799076,0.597640767460689,0.445046209963039,0.213315561413765,-0.275411054957658,-0.453869246644899,-0.440448214067146,0.215603227959946,-0.1574122144375,-0.295912523753941,0,0,0,0,0,0,0,0,0,0
-0.349319130531512,0.360880691325292,0.0286276801489294,0.813730206689797,-0.365926062571816,0.424845439381897,0.358076961478218,-0.0027249027043581,0.0752905297558755,-0.321713376091793,0,0,0,0,0,0,0,0,0,0
-0.0911869297269732,-0.153739641187713,0.216842748341151,0.670691331033595,0.348444636561908,0.49291889835149,-0.0219001988880336,-0.235653490992263,-0.214055461809039,-0.326400442048907,0,0,0,0,0,0,0,0,0,0
0.64707114326302,0.659749009995721,0.532638064818457,0.830288581666537,0.655843004002236,-0.209196089301258,0.0353717878460884,0.256515566259623,0.322943764040247,-0.225834576645866,0,0,0,0,0,0,0,0,0,0
0.110290105454624,0.759825468296185,-0.474977670353837,0.920373170869425,0.378490248112939,-0.479685500031337,0.497872983105481,0.261357524897903,-0.0521680670790374,0.231594230048358,0,0,0,0,0,0,0,0,0,0
0.80608530191239,-0.0775274384068325,0.43552387971431,0.974151400849223,0.985211605322547,0.323107520351186,0.318603416671976,0.253358847927302,0.105086773866788,0.253598443232477,0,0,0,0,0,0,0,0,0,0
0.830872378777713,-0.382129141595215,0.600072410306893,0.558685048250481,-0.285277329618111,0.26166459848173,-0.365026386221871,0.0794780948199332,-0.0768147706985474,-0.39828425552696,0,0,0,0,0,0,0,0,0,0
-0.0674535391153768,-0.210182188311592,-0.456546697183512,0.399708858574741,0.919448940665461,0.342514083255082,-0.0254042574670166,0.262620938476175,0.288142491597682,-0.179982085945085,0,0,0,0,0,0,0,0,0,0
-0.366080640233122,0.130856764153577,0.0414676256477833,0.542917812825181,0.243556660600007,-0.117656707996503,-0.0865487405098975,-0.282931216992438,-0.192090486641973,0.073215642478317,0,0,0,0,0,0,0,0,0,0
0.5177675987361,0.0570690907770768,0.151058969669975,-0.0732540319440886,0.241834441432729,0.175851497333497,0.0001298433635383,-0.167113218223676,0.23883419088088,0.246463036630303,0,0,0,0,0,0,0,0,0,0
-0.27021900692489,0.501816936535761,-0.0155009557493031,0.200613231747411,0.0932493344880641,-0.0029832397121936,0.19144698092714,-0.14710853016004,-0.0857567705679685,-0.0578844365663826,0,0,0,0,0,0,0,0,0,0
0.977108200662769,0.073559689335525,0.439753014361486,0.142304941779003,0.342297998024151,0.040561045287177,0.368977402802557,-0.0896702776663005,-0.327757999533787,-0.0903756197076291,0,0,0,0,0,0,0,0,0,0
0.322027519112453,0.465435566264205,0.942298337700777,0.382452746387571,0.0844528505112976,0.346578803611919,0.372178905643523,0.43835709290579,0.455425421241671,0.407990882173181,0,0,0,0,0,0,0,0,0,0
0.426862389082089,0.864465805469081,0.603956091450527,-0.212178089190274,0.982327392441221,-0.390954512869939,-0.0510955834761262,0.384345297468826,-0.237710598157719,-0.236518225166947,0,0,0,0,0,0,0,0,0,0
0.56041224731598,-0.278542722226121,0.391662264359184,0.382835992495529,0.863867859705351,0.18939023069106,-0.111580777447671,-0.100583200342953,0.444683715701103,-0.286529304692522,0,0,0,0,0,0,0,0,0,0
0.387680091313086,0.962906824192032,0.781782672507688,0.414014983689412,-0.294877107604407,-0.224795969901606,-0.385777570772916,-0.319551298161969,0.18924516486004,0.45592186646536,0,0,0,0,0,0,0,0,0,0
0.111079596565105,-0.12039670732338,0.0627587175695226,0.605596674722619,0.227289029047824,-0.125865016598254,0.165492144180462,0.107549770968035,-0.399210598086938,0.0685564065352082,0,0,0,0,0,0,0,0,0,0
0.998539978987537,0.0451641766121611,0.663819802459329,0.357348298537545,-0.335042934049852,0.309058027807623,0.117882958846167,-0.177894857944921,0.401038427138701,-0.0005720620974898,0,0,0,0,0,0,0,0,0,0
0.768485141452402,0.896239851019345,0.49886202509515,0.0806262539699674,-0.359816551324911,0.472742428304628,-0.288285866379738,-0.263452970888466,0.299296728800982,-0.334185772342607,0,0,0,0,0,0,0,0,0,0
0.821207518107258,-0.0853563965065405,0.864095039316453,0.200670782593079,0.638181857648306,0.362705750158057,0.452861324418336,0.254830881953239,-0.137965891743079,-0.171788264997303,0,0,0,0,0,0,0,0,0,0
0.176237294217572,0.259916786802933,-0.400048705167137,-0.339950245339423,0.594538832549006,-0.293970913859084,0.0019276200328022,-0.20226129074581,0.0250752137508243,0.369879574282095,0,0,0,0,0,0,0,0,0,0
0.0907324462896213,0.763605827465653,0.43632105353754,0.484389967634343,0.571680050576106,-0.15522255632095,0.33291324484162,0.187272800598294,0.0991314158309251,-0.178869240451604,0,0,0,0,0,0,0,0,0,0
0.656853822409175,-0.0080182219389826,0.40280817868188,0.0376901418203488,0.931989767123014,-0.114114781841636,-0.262981259962544,0.35577741661109,0.428935355972499,0.245609934674576,0,0,0,0,0,0,0,0,0,0
-0.306470723822713,0.433190729119815,0.333924218313769,0.793521993444301,0.561185338534415,0.0631353086791933,0.1932131012436,-0.0194758565630764,0.174670330015942,0.379688791232184,0,0,0,0,0,0,0,0,0,0
-0.163653689902276,0.360088723362423,0.263882975908928,0.611519771744497,0.0402256532106549,0.0866577057167888,0.192929474171251,0.240560243604705,0.115949532715604,0.402873957529664,0,0,0,0,0,0,0,0,0,0
0.964029063587077,0.83582665072754,-0.187960871029645,0.996726649580523,0.3236152153695,0.439742505550385,-0.197952700546011,0.115045364247635,0.0213117587845773,0.320930940331891,0,0,0,0,0,0,0,0,0,0
0.631511774496175,0.026183208101429,-0.349606973817572,0.63843885587994,0.957736163632944,0.420618848642334,0.0244486443698406,-0.203053971519694,0.19888075790368,0.062472838209942,0,0,0,0,0,0,0,0,0,0
-0.106425899895839,-0.331769764539786,-0.193528032978065,0.611459169886075,0.536832976853475,-0.394601194420829,-0.0032540329266339,0.446420469321311,0.401664229808375,0.0913252024911344,0,0,0,0,0,0,0,0,0,0
-0.0288951486581936,0.800961844041012,0.706933640991338,0.260537688853219,0.568356957752258,0.0203942093066871,0.280856650555506,0.140719275688753,-0.0289517729543149,-0.254039344377816,0,0,0,0,0,0,0,0,0,0
0.242841510334983,0.522737504332326,0.885629215859808,0.642699387390167,0.884678463917226,0.109697689535096,-0.264207946602255,-0.297122288495302,-0.190991518320516,0.27678166795522,0,0,0,0,0,0,0,0,0,0
0.905028292909265,0.0552326143952087,0.798052256344818,-0.405617250478826,0.287359822308645,0.0864985936786979,-0.443600009893999,-0.241506132530048,-0.173931774683297,0.0028633421752601,0,0,0,0,0,0,0,0,0,0
0.775332464487292,0.697195357643068,0.802173357689753,-0.156494465074502,-0.27605656418018,-0.395967077696696,0.493326587369666,-0.263280737912282,0.066829135408625,-0.350601999321952,0,0,0,0,0,0,0,0,0,0
0.530782489920966,0.809784602490254,0.863687217817642,-0.0026149495970457,0.117914717295207,0.323536738287657,0.287491239840165,0.20103403320536,0.102514713071287,0.304001873591915,0,0,0,0,0,0,0,0,0,0
0.168442953377962,0.389198774471879,0.0003774788929149,0.585200461326167,-0.108159393421374,-0.288776457775384,0.123342699138448,0.0861947722733021,0.268104832619429,-0.105167908826843,0,0,0,0,0,0,0,0,0,0
0.315301133319736,-0.193493512808345,0.885996127035469,-0.405429775593802,-0.391678451444022,0.277514489134774,-0.0811779657378793,0.457597197033465,-0.300192219205201,-0.0234230638016015,0,0,0,0,0,0,0,0,0,0
0.365883657941595,0.434672338073142,-0.445862943888642,0.672383160912432,0.0282135317102075,0.107961322413757,0.109677944798023,0.433418813161552,0.192141241626814,0.114119268488139,0,0,0,0,0,0,0,0,0,0
-0.18242977396585,0.197327928734012,0.466858355212025,0.75045703467913,0.0295466217212379,-0.241975797107443,0.389188169501722,-0.189696660032496,-0.467690193559974,-0.130483242683113,0,0,0,0,0,0,0,0,0,0
0.981361337588169,-0.404144887113944,-0.103619532193989,0.852239692932926,-0.171924853464589,0.0758443558588624,-0.352965589147061,0.320483725750819,-0.232368925120682,-0.457218819763511,0,0,0,0,0,0,0,0,0,0
0.683735661557876,-0.251484166015871,0.555712294881232,0.239085713983513,0.60504630045034,-0.414016640046611,0.418925270903856,-0.182649355847389,-0.21124507416971,0.0136283666361123,0,0,0,0,0,0,0,0,0,0
0.0098406311590224,0.362685689469799,-0.476892763748765,-0.0336186888162047,-0.152208885992877,0.45684300083667,0.217510877642781,-0.216830496676266,-0.216945533873513,-0.436802595620975,0,0,0,0,0,0,0,0,0,0
0.0084387327078729,0.803714639507234,0.691981836920604,-0.269798463443294,-0.478293715394102,-0.442954086465761,-0.288882459979504,-0.127616180106997,0.494726614560932,-0.180847015697509,0,0,0,0,0,0,0,0,0,0
-0.31670656776987,-0.295324247563258,-0.489109279005788,-0.0089836366241797,-0.04053957213182,0.489774159388617,-0.260425382293761,0.476943837478757,-0.473575677024201,-0.190713319694623,0,0,0,0,0,0,0,0,0,0
-0.0413573790574446,-0.438113705371507,0.197343348991126,0.28369280253537,0.198798242723569,0.320459519745782,-0.0442108381539583,0.176637378754094,0.0026814227458089,-0.386119185946882,0,0,0,0,0,0,0,0,0,0
-0.0043527573579922,-0.478119099745527,0.295122456853278,-0.287239078083076,0.923958190134726,0.410448441281915,-0.478274109074846,-0.32239245204255,0.0133550290483981,-0.207032334525138,0,0,0,0,0,0,0,0,0,0
0.561280267080292,-0.492876185569912,-0.123060187324882,0.403960949159227,0.25525347830262,-0.307004011003301,0.258875453146175,0.449761546216905,-0.0605653093662113,0.38829118385911,0,0,0,0,0,0,0,0,0,0
0.530680937576108,-0.496737447567284,0.857343966024928,0.591675946372561,0.942050133482553,-0.258817785419524,-0.13433191459626,-0.122773098293692,0.151038876734674,0.262105302186683,0,0,0,0,0,0,0,0,0,0
0.381156914983876,0.812409273581579,0.303362180595286,0.907856063800864,0.841150954016484,-0.420374717097729,-0.255583529360592,-0.227752353996038,0.0379948478657752,0.356897337595001,0,0,0,0,0,0,0,0,0,0
0.39958486543037,0.677937711239792,-0.163633549236692,0.0643219463527203,0.365278901881538,0.121310274349526,-0.396268137264997,0.181789926951751,0.101241778349504,-0.283787220483646,0,0,0,0,0,0,0,0,0,0
0.27760262414813,0.813380948500708,-0.0193138017784804,0.435801091603935,0.503710894612595,0.256410560337827,0.360799539834261,-0.241599786560982,-0.293670672923326,-0.231031821342185,0,0,0,0,0,0,0,0,0,0
0.617150159436278,-0.392689990694635,0.225398186943494,-0.0762342500966042,0.25002377666533,-0.428925167070702,0.0784512415993959,-0.395892616128549,-0.0510848246049136,-0.327956465771422,0,0,0,0,0,0,0,0,0,0
-0.326185270561837,0.892478949390352,-0.206472124322318,0.863520561833866,0.939911675639451,0.273292174097151,-0.405017601326108,0.2225592804607,-0.157913186820224,-0.0431587051134557,0,0,0,0,0,0,0,0,0,0
0.779869831749238,0.682192600332201,-0.472225238452666,-0.0403619976714253,0.690829196362756,0.376356389373541,0.335865233791992,0.163607623893768,0.427669249009341,0.474581160349771,0,0,0,0,0,0,0,0,0,0
0.15705745248124,0.0080584489041939,-0.469279597396962,0.120208375505172,0.172436932683922,-0.22100302670151,0.349008175078779,-0.206808443414047,-0.285127540817484,-0.208651455119252,0,0,0,0,0,0,0,0,0,0
-0.408120699692518,0.187959968694486,0.558393538929522,-0.404772184207104,-0.460053438902833,-0.349758251104504,0.452990840887651,0.302284461911768,0.272943104151636,-0.263813107274473,0,0,0,0,0,0,0,0,0,0
0.636083909543231,0.730536330142058,0.146039482671767,-0.285001478041522,-0.119591565104201,-0.0736300139687955,-0.481229808414355,-0.139611917780712,-0.269929411588237,-0.496793960453942,0,0,0,0,0,0,0,0,0,0
0.22706064558588,0.622128557646647,0.606321060098708,0.0122985477792099,-0.462524758884683,-0.181676844600588,-0.239462164696306,0.18442724714987,0.342716403305531,0.197919313097373,0,0,0,0,0,0,0,0,0,0
0.677875451161526,-0.429568924708292,-0.182238278910518,0.968529100995511,0.188768625375815,0.425139116123319,0.395629711914808,0.32602606434375,-0.138378840871155,0.183069743216038,0,0,0,0,0,0,0,0,0,0
0.953315826947801,0.978506723651662,0.0607660653768107,0.865379709168337,0.555235690786503,0.0737468064762652,-0.117035454837605,0.332507174694911,0.135729408124462,-0.426306599285454,0,0,0,0,0,0,0,0,0,0
0.654913317179307,-0.257211899384856,0.523190660052933,-0.465166687616147,0.858984380611219,-0.0914046484977007,0.414278218755499,-0.485289491713047,0.280186666408554,0.15467098611407,0,0,0,0,0,0,0,0,0,0
0.250235040439293,-0.24741330021061,-0.0528839973267168,-0.452761337859556,-0.219869461492635,0.405987291829661,-0.10428755544126,0.448683325899765,0.273315451806411,-0.356204140465707,0,0,0,0,0,0,0,0,0,0
0.983955498202704,0.998278899118304,0.478617418673821,0.0924980327254161,0.529106646077707,0.399744426831603,-0.133080090163276,-0.408428950002417,-0.178225504234433,0.412789136869833,0,0,0,0,0,0,0,0,0,0
0.187874314724468,-0.17507409164682,0.702124699018896,0.219198247534223,0.407888520043343,-0.300439176615328,-0.39728777226992,-0.322091741720214,0.076361964456737,0.243335371371359,0,0,0,0,0,0,0,0,0,0
0.856297142803669,-0.115338900359347,0.84093792794738,-0.0824671377195045,0.4940311483806,-0.291190667077899,-0.483797365333885,0.46832244633697,0.234442881774157,0.485186192207038,0,0,0,0,0,0,0,0,0,0
0.593723628553562,-0.174927258165553,0.585551247466356,0.925649244338274,0.187369979801588,-0.417901104548946,0.27975609456189,0.305781760718673,-0.0666910703293979,0.101613920880482,0,0,0,0,0,0,0,0,0,0
0.881020853528753,-0.222581534879282,0.379907511291094,0.888202328467742,-0.498094872338697,-0.302867906633765,0.417104730149731,0.460038204444572,-0.42369128880091,0.263528948416933,0,0,0,0,0,0,0,0,0,0
0.249611553968862,0.659423858509399,0.700505019514821,-0.449868684750982,0.830292504397221,0.0109033915214241,-0.0641778027638793,0.39223581366241,-0.414343238575384,-0.0044847175013274,0,0,0,0,0,0,0,0,0,0
-0.313581649330445,0.0724449000554159,0.9948747868184,-0.125993240159005,0.334407682996243,-0.426799417240545,-0.0001245101448148,-0.467627444071695,0.173791790846735,0.0288803107105196,0,0,0,0,0,0,0,0,0,0
0.425660867360421,0.852041700156406,0.502758832648396,0.870479207020253,0.834004859789275,-0.308923822361976,-0.158737812656909,0.341835628030822,0.129987355787307,0.480095349717885,0,0,0,0,0,0,0,0,0,0
0.739607275347225,0.90150680183433,0.965411830693483,0.814521088148467,0.13592861534562,0.155736519489437,-0.239621145883575,-0.205480734584853,0.0482467450201511,0.295558758080006,0,0,0,0,0,0,0,0,0,0
0.61158849846106,0.894734746892937,0.666432354366407,0.416942334035411,0.757512039621361,0.276336093666032,-0.0969982338137925,-0.0701172377448529,-0.158065567724407,0.466635173652321,0,0,0,0,0,0,0,0,0,0
0.879569106502458,-0.059093949967064,0.7946984434966,-0.404797109542415,0.967944258241914,0.165878074476495,0.312071899184957,-0.163392334710807,0.32723409938626,0.411164160817862,0,0,0,0,0,0,0,0,0,0
0.202240636572242,-0.0277980444952846,0.176904422813095,0.705110289971344,0.813754165661521,-0.198365863645449,0.25038027856499,0.0630179666914046,0.344194503268227,-0.164674683008343,0,0,0,0,0,0,0,0,0,0
0.173218576586805,0.847434766939841,-0.185984308249317,-0.439136338769458,0.190760802943259,-0.353835505666211,0.171776632079855,0.233302183449268,-0.0471779287327081,0.0136640607379377,0,0,0,0,0,0,0,0,0,0
-0.281271236017346,0.427204987150617,0.917832272360101,0.289087581564672,-0.0444619881454855,-0.291095735039562,0.34794829506427,0.0102601679973304,-0.481177739100531,0.0159412946086377,0,0,0,0,0,0,0,0,0,0
-0.291388492449187,0.410424747737125,0.127760418574326,0.0970715741859749,0.352129417588003,-0.361674219137058,0.0071547175757587,0.361040473915637,-0.3179279291071,-0.270579193485901,0,0,0,0,0,0,0,0,0,0
0.438140981947072,0.0456529802177101,0.031965984031558,-0.313474316615611,-0.132047297782265,0.0634261472150683,0.359420411521569,-0.270859850104898,-0.28567534708418,0.248354254523292,0,0,0,0,0,0,0,0,0,0
0.0390983305405825,-0.0934510420775041,0.693364032311365,0.777504440164194,0.197163145756349,-0.198823516489938,0.380774235818535,-0.345530466875061,0.24698808696121,0.324156387010589,0,0,0,0,0,0,0,0,0,0
0.771258403430693,-0.420809455215931,0.319471318041906,-0.355218456475995,0.611741259694099,0.20153054012917,0.36827089311555,0.371091489680111,-0.177781193749979,-0.186921689193696,0,0,0,0,0,0,0,0,0,0
0.635488981613889,-0.385375286103226,-0.415674183401279,0.719060253701173,-0.422484419308603,-0.376813461305574,0.131849533645436,0.0770802409388125,-0.438525625504553,0.0583681683056056,0,0,0,0,0,0,0,0,0,0
0.611466103815474,-0.122243777033873,0.916253820993006,0.0144324360881001,0.0217727075796574,0.074009592179209,-0.277720139361918,-0.0006711122114211,-0.174802992260084,0.0908784766215831,0,0,0,0,0,0,0,0,0,0
-0.335870008915663,0.915745891979896,0.151537913363427,-0.49709264957346,0.0936697155702859,0.395323049509898,-0.0128309002611786,-0.167220697039738,-0.2966046880465,0.0049957323353737,0,0,0,0,0,0,0,0,0,0
-0.163593583623879,0.508005298790522,0.101105239707977,-0.37504659302067,-0.0955356577178463,-0.458702456904575,-0.370560099137947,-0.18143514636904,0.098531591007486,0.20889713591896,0,0,0,0,0,0,0,0,0,0
0.849021637928672,0.517623478895985,0.0829871154855937,0.744302599574439,0.732213785755448,0.0758612791541964,-0.194391035940498,0.341342972358689,0.182895394507796,0.382574162445962,0,0,0,0,0,0,0,0,0,0
0.0380036040442064,0.49630490061827,0.812477032886818,0.710227285744622,-0.391651829821058,-0.442788983462378,0.214560657273978,-0.122028323356062,0.319135620025918,0.132485185516998,0,0,0,0,0,0,0,0,0,0
-0.224640114582144,0.0904278685338795,0.432622312102467,0.32716219231952,0.677285707788542,-0.466177209746093,0.490492977201939,-0.140891160117462,0.188686887966469,-0.279076460748911,0,0,0,0,0,0,0,0,0,0
0.771743294433691,-0.0720084004569799,0.326579837594181,-0.171527326689102,0.97578069998417,0.111983391456306,-0.197101074038073,-0.238622976467013,0.388483586721122,-0.302667157491669,0,0,0,0,0,0,0,0,0,0
0.482982296147384,-0.129605351830833,-0.436647183494642,-0.397685780306347,0.864978781784885,0.0963084364775568,0.439494198421016,-0.138950693188235,0.147129487479106,-0.192811673041433,0,0,0,0,0,0,0,0,0,0
0.0214611578267068,-0.125406343489885,0.57213593670167,0.388505927752703,0.239316290710121,-0.141313165891916,-0.150420543039218,-0.200765515677631,-0.154810901731253,0.398488701786846,0,0,0,0,0,0,0,0,0,0
0.559773190063424,0.251965538831428,0.713832383160479,0.958658547373489,0.83677571057342,0.0778800183907151,-0.0381861713249236,0.225280675804242,-0.114889484830201,-0.251274202484637,0,0,0,0,0,0,0,0,0,0
0.895279009011574,0.146899501560256,0.876047880155966,0.0641319017158821,0.391579573042691,-0.144384886836633,-0.036276196828112,0.398614928359166,-0.0599579794798046,-0.188910453813151,0,0,0,0,0,0,0,0,0,0
0.797735412721522,0.374339613132179,-0.0182244854513556,0.0144822633592412,0.340164341265336,0.103133758995682,0.0868323959875852,0.416766127338633,0.325336198089644,0.333488799864426,0,0,0,0,0,0,0,0,0,0
0.0094495877856388,-0.265520139597356,0.95874772593379,-0.190601921756752,0.980657500098459,-0.193420057650656,0.375084598781541,0.110162205062807,0.243491341825575,0.11480254936032,0,0,0,0,0,0,0,0,0,0
0.903021552832797,0.983014629222453,-0.145823246217333,0.361384079093114,-0.220676046097651,-0.0938892774283886,-0.422001326456666,-0.132965660886839,-0.246217320905998,0.336021629627794,0,0,0,0,0,0,0,0,0,0
0.712407863349654,0.4031961892033,0.927493032533675,0.0451729046180844,0.874237701296806,0.350955480709672,-0.172755910549313,0.0140872527845204,-0.109008444705978,0.122734081465751,0,0,0,0,0,0,0,0,0,0
0.129678926197812,0.0018800481921061,-0.389075951534323,0.122821730328724,-0.350092417676933,-0.0565840718336403,-0.368355903541669,0.152337652863935,-0.243792159017175,-0.397467686096206,0,0,0,0,0,0,0,0,0,0
-0.336329889367335,-0.305484914570116,-0.157654239679687,0.345434756251052,0.432685194537044,0.0163186423014849,-0.330467524006963,0.470965710701421,0.164928773185238,0.0328017433639616,0,0,0,0,0,0,0,0,0,0
-0.0228613008512184,-0.218974645482376,0.894680334022269,0.257748944452032,0.59265401144512,0.324955565389246,-0.494898735079914,-0.105711936252192,0.160777752986178,0.0364872335921973,0,0,0,0,0,0,0,0,0,0
0.280458303983323,-0.134035509661771,-0.210478123626672,0.760017152992077,0.431582068675198,-0.146713146707043,0.462049931287766,0.174408029997721,0.349344060989097,-0.264877224573866,0,0,0,0,0,0,0,0,0,0
0.711848820094019,-0.0547007123241201,0.0662934380816296,0.0216235575499013,0.838137278798968,0.221517845755443,-0.302271804539487,0.114468125859275,0.162340578390285,-0.492065570550039,0,0,0,0,0,0,0,0,0,0
0.47838875616435,0.635861572925933,-0.196269070380367,0.432369343470782,-0.278889389010146,-0.0265288257505745,-0.138230080250651,-0.195954056922346,0.433488750830293,-0.0575893232598901,0,0,0,0,0,0,0,0,0,0
0.614159291377291,0.151468330295756,0.339300163905136,-0.116483335732482,0.0563386484282091,0.148297663545236,-0.413207229459658,-0.398735259659588,-0.0688500099349767,-0.148535010870546,0,0,0,0,0,0,0,0,0,0
-0.353224347229116,-0.400771171436645,0.668537773890421,0.586236868984997,0.167902726097964,-0.022653172723949,-0.137692250311375,0.0324039354454726,-0.46360701858066,0.216112224385142,0,0,0,0,0,0,0,0,0,0
-0.0175019185990095,0.968664824962616,-0.342463380540721,-0.394328177790157,0.30387593084015,0.28434173273854,-0.342602462740615,0.247604166157544,-0.0192744908854365,-0.31079298700206,0,0,0,0,0,0,0,0,0,0
0.876405395916663,0.939817548263818,0.957914546597749,0.480852575041354,-0.0379745012614876,0.236259912606329,0.356242288602516,0.331018721451983,0.009042453020811,0.497484796447679,0,0,0,0,0,0,0,0,0,0
0.712296769954264,0.576440574135631,0.908122427761555,0.860421134857461,0.904920513858087,-0.0332979601807892,0.400847317883745,0.402198513038456,-0.200232146773487,0.386674686567858,0,0,0,0,0,0,0,0,0,0
-0.3327171766432,0.0999931996921077,0.306140022934414,-0.482090099714696,0.881421749480069,0.0006653403397649,-0.471826789900661,-0.138275867560878,-0.145837516989559,0.0004755647387355,0,0,0,0,0,0,0,0,0,0
-0.071908296784386,-0.0533493633847684,-0.419612235156819,-0.0948084490373731,0.936009495984763,0.336439740844071,0.198279364500195,-0.334917094558477,0.440726893255487,-0.0756673684809357,0,0,0,0,0,0,0,0,0,0
0.0065820541931316,0.509879343211651,0.62011771008838,0.324814934632741,0.791310784523375,0.0526145689655095,-0.0626296594273299,0.0622955809812993,0.246996187139302,0.254125499166548,0,0,0,0,0,0,0,0,0,0
0.228243810939603,-0.0189925146987662,0.247906590695493,0.493940534070134,0.167222554911859,-0.449321503052488,-0.418135208310559,-0.080457482021302,-0.226202047429979,-0.220605341717601,0,0,0,0,0,0,0,0,0,0
-0.0132813446689397,0.875158789334819,-0.111854543560185,0.385128810419701,0.543837369070388,-0.0657604893203825,0.313202625606209,0.0208147841040045,-0.214924368076026,-0.321004290366545,0,0,0,0,0,0,0,0,0,0
0.654294596519321,-0.174295673379675,-0.195438300841488,0.416561592370272,0.659700912539847,0.0093446248210966,-0.460114649264142,-0.304116894956678,-0.208778443513438,0.173947278177366,0,0,0,0,0,0,0,0,0,0
0.53707819362171,0.409297861973755,0.223154477542266,0.666187213384546,-0.236128469114192,0.444484676700085,0.160330801038072,-0.472574412589893,-0.394688536180183,0.117819918785244,0,0,0,0,0,0,0,0,0,0
0.344138191430829,0.963032227591611,0.734455696889199,0.890694355941378,0.113682688795961,0.120799303986132,-0.439086279831827,0.269885087385774,0.0387914679013193,0.0386006047483534,0,0,0,0,0,0,0,0,0,0
0.894847587915137,0.0413891430944204,0.554104437353089,0.790501362644136,0.953809160972014,0.47342305467464,0.425936507293954,0.227647833758965,0.322995631722733,-0.387071485398337,0,0,0,0,0,0,0,0,0,0
0.741960010607727,0.988042858545668,-0.22500136308372,0.753566670464352,-0.313684315420687,-0.353559362469241,-0.0936841829679906,0.403173353057355,-0.395102580543607,-0.141033948399127,0,0,0,0,0,0,0,0,0,0
0.336092929239385,0.167961955070496,0.981947863358073,-0.432840418536216,0.84122366423253,0.420805620960891,-0.341656313510612,0.448104465613142,-0.0956049824599177,-0.0177672270219773,0,0,0,0,0,0,0,0,0,0
0.001941776368767,0.555659502162598,0.869048137799837,0.82152324449271,0.39799066411797,0.400785371661186,-0.291385681601241,-0.054882804164663,-0.403073442867026,-0.344600425334647,0,0,0,0,0,0,0,0,0,0
0.122948348056525,-0.461694546742365,-0.376194883720018,0.532202685368247,-0.262977467966266,-0.0525529014412314,-0.0075900466181337,-0.451719511533156,0.147145697614178,0.0184597074985504,0,0,0,0,0,0,0,0,0,0
0.955340192420408,-0.202468223287724,-0.158642711932771,-0.325820349738933,0.645664721028879,0.145383917726576,-0.317452726187184,0.175797913223505,-0.410672020865604,0.385782558703795,0,0,0,0,0,0,0,0,0,0
0.894786824705079,0.839946289430372,0.819527470390312,-0.0688450639136136,0.677048060926609,0.0789411992300302,0.495851075509563,0.200319000985473,-0.499184923712164,-0.0546882015187293,0,0,0,0,0,0,0,0,0,0
-0.433585080085322,-0.0725147379562259,-0.213708759169094,0.732248762040399,-0.350231430144049,0.0295688384212554,-0.320123133249581,-0.488540351158008,-0.491661282954738,-0.0982126358430833,0,0,0,0,0,0,0,0,0,0
-0.0178710317704827,0.957374892779626,-0.197466531768441,-0.107619067304768,0.711919256020337,-0.295090416679159,0.212724996730685,0.102766427677125,-0.0545436865650117,-0.013164610369131,0,0,0,0,0,0,0,0,0,0
0.241525702411309,0.289349619415589,0.655807735747658,0.0242505556670949,0.688932602177374,0.220572047866881,0.107696449151263,0.220926336245611,-0.147636704612523,-0.0345708385575563,0,0,0,0,0,0,0,0,0,0
0.106387395295314,-0.149457980296575,0.180000099586323,0.0154076443286613,0.216329013113864,0.420348529703915,-0.277048439485952,-0.18884439766407,-0.168629189720377,0.268686263356358,0,0,0,0,0,0,0,0,0,0
0.725643065175973,-0.485274887993,0.950727982097305,0.745174378971569,0.409685614402406,0.397189032286406,0.0760311211925,0.145033619133756,0.0345423896797001,0.129411021014675,0,0,0,0,0,0,0,0,0,0
0.628598641604185,-0.355447516776621,-0.309268195531331,0.605953030986711,0.810148688266054,-0.0794550757855177,-0.375237532891333,-0.279000259237364,-0.256348363123834,-0.453955414006487,0,0,0,0,0,0,0,0,0,0
-0.160669042612426,-0.474187837680802,0.431155969738029,0.512244673329405,0.22479971696157,-0.384070191532373,-0.351274876389652,0.172415730543435,-0.472161830635741,0.308620035648346,0,0,0,0,0,0,0,0,0,0
-0.213980989065021,0.594993884325959,0.0207006447017193,-0.235263284877874,-0.447410163586028,0.0891055054962635,0.393659087363631,-0.291550894966349,0.365499683888629,0.466864816611633,0,0,0,0,0,0,0,0,0,0
0.505746630835347,0.189012569840997,0.615154961240478,-0.496856316225603,0.464471323299222,0.470393838128075,-0.0162483791355044,0.376437603961676,-0.201600667089224,0.446549575543031,0,0,0,0,0,0,0,0,0,0
0.0773796302964911,-0.419391109375283,0.954031727742404,0.0190511497203261,-0.197483959840611,-0.164184922585264,-0.224569306941703,0.248374382033944,0.191175629384816,-0.101350616430864,0,0,0,0,0,0,0,0,0,0
0.259342313511297,0.483976145391352,-0.323611890082248,0.916849464527331,0.676902108942159,-0.338424060028046,-0.214718523668125,0.201539068948478,0.189577803714201,-0.264776357682422,0,0,0,0,0,0,0,0,0,0
0.45199149090331,-0.417591282515787,0.873060223064385,0.200105408206582,-0.303414991707541,-0.129028944531456,0.339042755076662,0.402315143728629,0.268772825831547,0.389337419299409,0,0,0,0,0,0,0,0,0,0
0.959221864002757,0.258499185554683,0.493693021009676,0.117909847060218,-0.0182984735583887,0.0531090209260583,0.4718423334416,-0.320163759402931,0.396884883753955,-0.0138997677713633,0,0,0,0,0,0,0,0,0,0
0.331838977523148,-0.197567000403069,0.470543107949197,0.197909165872261,-0.368455355637707,-0.212694924790412,0.393351504812017,0.0771390472073108,0.400284124538302,0.263574469834566,0,0,0,0,0,0,0,0,0,0
0.697359384503216,-0.263642898178659,-0.0752268843352795,0.17544622940477,-0.0096721327863633,0.0402469071559608,0.26979384268634,0.236762296641245,0.32383829029277,0.237528744153678,0,0,0,0,0,0,0,0,0,0
0.467989305499941,-0.0060077669331803,0.905540682841092,0.615143620874733,-0.204915571724996,0.217246744083241,-0.0911682054866105,-0.336059708148241,0.186454938724637,0.0327121901791543,0,0,0,0,0,0,0,0,0,0
0.660989349009469,0.649834814248607,-0.0645741053158417,-0.447197582107037,0.286738596507348,-0.227899891091511,0.324417968280613,-0.415433319751173,0.399396384134889,0.130295106442645,0,0,0,0,0,0,0,0,0,0
-0.302162105333991,-0.006128815934062,0.865120540023781,0.695130240754224,0.198235917254351,0.23635979089886,0.133309013675898,-0.0511813824996352,-0.19867386482656,-0.0357393347658217,0,0,0,0,0,0,0,0,0,0
0.461767274537124,0.0188274293905124,-0.0189588442444801,0.269239604007453,0.414790969807655,-0.0345358457416296,-0.385193089954555,-0.312042867299169,-0.133382066385821,0.119481299770996,0,0,0,0,0,0,0,0,0,0
-0.352276784251444,0.911283366382122,0.0156671183649451,0.139841423952021,0.710960780503228,0.417059818515554,-0.0699940940830857,0.315527904778719,0.0973267592489719,-0.36151204444468,0,0,0,0,0,0,0,0,0,0
0.165753103559837,0.0342709469841793,-0.255359344417229,0.131866470561363,-0.0092886568745598,0.207455993164331,-0.0965721304528415,-0.0587847395800054,0.195831084391102,-0.412309986073524,0,0,0,0,0,0,0,0,0,0
0.184003232279792,0.346397287910804,0.700030704727396,-0.439496453618631,0.716990934335627,-0.324097731616348,-0.39584768214263,-0.0785428616218269,0.132615272188559,-0.187382019590586,0,0,0,0,0,0,0,0,0,0
0.775682940147817,0.549521870678291,-0.435730227385648,0.060332165681757,0.729081903002225,-0.347812202991918,-0.459593691164628,0.320090112276375,0.448070697719231,0.0775996402371675,0,0,0,0,0,0,0,0,0,0
0.721388859557919,0.748416832648218,0.295739791705273,0.316964332363568,-0.0414348260965198,-0.0363689926452935,-0.288295352598652,-0.259013922186568,-0.371018151985481,0.0588748147711158,0,0,0,0,0,0,0,0,0,0
-0.401170341065153,0.689912913250737,0.988282256526873,0.0106652843533084,0.318344712373801,0.153404268203303,0.301822871435434,0.13647818705067,0.149697868153453,-0.0214431637432426,0,0,0,0,0,0,0,0,0,0
-0.49825633992441,0.3982610758394,0.207782778539695,-0.40949966525659,0.106782541261055,0.160457145422697,0.145823458675295,-0.0141108131501824,0.0477432366460562,-0.020806928165257,0,0,0,0,0,0,0,0,0,0
0.0989432856440544,0.529446540633217,0.630876246024854,-0.0505166398361325,-0.445155993918888,-0.0196289082523435,-0.0924433912150562,0.227800684282556,-0.496562423883006,0.208470198092982,0,0,0,0,0,0,0,0,0,0
0.731228372897021,-0.198487315210514,-0.32735812687315,-0.470649424940348,-0.269365264684893,0.178319791564718,0.393788508139551,0.249484490836039,-0.478963765082881,-0.299716114532202,0,0,0,0,0,0,0,0,0,0
-0.0125166102079675,0.307835207669996,-0.0293295599985868,0.298220470431261,0.504328836803325,-0.0245601951610297,0.446388493059203,-0.349825575016439,-0.247789107030258,0.494246613467112,0,0,0,0,0,0,0,0,0,0
0.641838484560139,0.326718261581846,0.151662680786103,0.921318282140419,-0.328650069073774,-0.405814956175163,0.330848802579567,0.259982189862058,0.416859820252284,0.413354117423296,0,0,0,0,0,0,0,0,0,0
0.892573423217982,0.85278528672643,-0.465401720721275,-0.0702212805626914,-0.470338650164194,0.205075214151293,0.0543633338529617,0.142414913279936,-0.255424857139587,-0.0071754585951566,0,0,0,0,0,0,0,0,0,0
0.565024968236685,0.691152430837974,0.0148409644607455,0.2467220723629,0.085285056848079,0.188155819429085,-0.441208710428327,0.0843861678149551,0.31763831875287,0.443746062694117,0,0,0,0,0,0,0,0,0,0
0.329579446930438,-0.273116543190554,-0.458842005231418,-0.0988156095845625,-0.437450531637296,-0.496715291170403,0.250459038419649,0.416531713446602,-0.298771288013086,-0.186892679193988,0,0,0,0,0,0,0,0,0,0
0.317608755780384,0.142800461733714,0.0565782147459686,0.272849177708849,-0.142840869375505,0.398509361315519,0.354200195753947,-0.357712132390589,0.28808182803914,0.386610100744292,0,0,0,0,0,0,0,0,0,0
0.474460206343792,-0.458880134159699,0.965576706919819,0.856902102474123,-0.0083887635264545,0.0734584354795516,0.0065655610524117,-0.487304142909124,-0.271499278722331,0.380124512827024,0,0,0,0,0,0,0,0,0,0
-0.193702348624356,0.646191894891672,0.223462168476544,-0.201252386672422,0.563226606813259,-0.228826123522595,-0.337541154352948,-0.276937432819977,-0.472838430199772,-0.26405697199516,0,0,0,0,0,0,0,0,0,0
-0.489006721880287,0.943074243143201,-0.418547699926421,0.674214676604606,-0.0503776395926252,-0.367575735086575,-0.457814167719334,-0.243451159214601,0.337810767348856,-0.434397468809038,0,0,0,0,0,0,0,0,0,0
-0.0843204582342878,0.802622828516178,0.710278713260777,0.0286880473140627,0.564768027630635,-0.101343508111313,-0.293249039677903,-0.166248424444348,-0.0334450262598693,-0.461856809211895,0,0,0,0,0,0,0,0,0,0
0.76594258332625,0.5887221689336,-0.480076716281474,0.42400664743036,0.992144843214191,0.454090337269008,0.194786458509043,0.354203261202201,-0.429702833062038,-0.215449159266427,0,0,0,0,0,0,0,0,0,0
-0.289961733622476,-0.206272038863972,0.394100293866359,-0.0299103413708508,0.852879209793173,-0.112544429022819,-0.114968721056357,-0.309820438269526,-0.404240369098261,0.182493610773236,0,0,0,0,0,0,0,0,0,0
0.145344994147308,0.133471904671751,0.287761837942526,0.756528221769258,0.836498322314583,-0.120757771888748,0.0694902264513075,-0.0654212788213044,-0.298749917419627,0.445518345106393,0,0,0,0,0,0,0,0,0,0
0.430705188191496,0.306942365248688,-0.283294275403023,0.119137976085767,0.864015661296435,0.266181292710826,0.493803414981812,-0.474995422875509,-0.33368452382274,0.285840891767293,0,0,0,0,0,0,0,0,0,0
0.77418154256884,0.661677355179563,0.916378160938621,-0.488535990007222,-0.0463291831547394,0.0397037887014449,-0.49811367248185,-0.482218157500029,-0.17326361592859,0.367143569514155,0,0,0,0,0,0,0,0,0,0
0.155459078378044,0.563555963570252,-0.484872032771818,-0.0695916875265539,0.138358894386329,-0.398817583918571,-0.355626019649208,-0.327342292526737,0.347540369490162,-0.378185085719451,0,0,0,0,0,0,0,0,0,0
0.908925078809261,-0.0772516311844811,0.781383868539706,-0.338697562227026,0.356161401839927,-0.0145758567377925,-0.477070063818246,-0.216380269266665,0.412184243556112,0.194734618999064,0,0,0,0,0,0,0,0,0,0
0.345925080124289,0.112754499539733,0.836017279303633,-0.32665339182131,0.78692221629899,-0.272856219671667,0.0497253471985459,-0.26398737099953,-0.0672706726472825,-0.0669022633228451,0,0,0,0,0,0,0,0,0,0
0.333653627778403,-0.104925164487213,0.0158697823062539,-0.0685277739539742,0.187780818785541,-0.0311693565454334,-0.325901754433289,0.235965012805536,0.105595307191834,0.294512874213979,0,0,0,0,0,0,0,0,0,0
0.385921596316621,0.765071336179972,0.213294248678721,0.450466090347618,0.46283435926307,-0.173862783703953,-0.425067925360054,0.0620542326942086,-0.456940032541752,-0.110872271005064,0,0,0,0,0,0,0,0,0,0
-0.423750528134406,-0.245312186190858,-0.435840015648864,0.577488482813351,0.826024504262023,-0.436396072618663,-0.398108213441446,-0.300330710830167,0.0513444906100631,-0.0140373024623841,0,0,0,0,0,0,0,0,0,0
0.86263739108108,0.644607031717896,0.846363254124299,0.754041340434924,-0.483442515600473,-0.427363324910402,-0.303687304491177,-0.149448881391436,0.482137069338933,-0.381434035487473,0,0,0,0,0,0,0,0,0,0
0.717480562161654,0.191556147066876,0.448944250354543,0.0981570673175156,0.829036580282263,0.439051347551867,0.202678281115368,0.472998143173754,0.254266727715731,-0.345873083919287,0,0,0,0,0,0,0,0,0,0
0.933149262680672,0.405622041900642,0.601517063798383,-0.0994440008653328,0.281841079471633,-0.454818482976407,0.030229864642024,0.124024932971224,0.106133939465508,-0.291018923046067,0,0,0,0,0,0,0,0,0,0
0.0148369669914246,0.0574618706014007,0.683061883668415,0.035959561704658,-0.244400157593191,-0.416951254475862,0.391060283407569,0.390078164869919,0.271056055324152,-0.37681504455395,0,0,0,0,0,0,0,0,0,0
0.723642271361314,0.533100713742897,0.839828958851285,0.730322696035728,0.844372902065516,-0.234476858517155,0.474848518380895,-0.149477827595547,0.303593026706949,-0.467036147601902,0,0,0,0,0,0,0,0,0,0
-0.436121060163714,0.789359594113193,0.863412850536406,0.402564063086174,0.92247273598332,0.236756101017818,0.168817219557241,-0.409088786458597,-0.330574528081343,0.322102550882846,0,0,0,0,0,0,0,0,0,0
-0.0817387028364465,0.121683461591601,-0.440175456227735,0.028315357863903,-0.0796147341607139,-0.346030661137775,0.391234193462878,-0.42642057989724,0.219078785274178,0.166181249776855,0,0,0,0,0,0,0,0,0,0
0.832624775939621,0.245617242529988,0.109989709220827,0.793080475996248,0.467330283252522,-0.0095280292443931,-0.403239281848073,0.0469741618726403,-0.0043936937581747,0.111315562855452,0,0,0,0,0,0,0,0,0,0
0.711054669693112,-0.318575645564124,-0.456527587142773,-0.0374740139814094,0.221614780253731,-0.200409745797515,-0.392455103807151,0.152054550359026,-0.0060528072062879,0.238214011536911,0,0,0,0,0,0,0,0,0,0
0.642988277715631,0.179118647472933,0.683983149123378,0.662668525357731,-0.0932204807177186,-0.360156898153946,-0.417364567518234,-0.436128615168855,-0.439144482137635,0.113526054192334,0,0,0,0,0,0,0,0,0,0
0.803233928978443,-0.370971407042816,0.660109522985294,0.553969783126377,0.911310990341008,0.479896971024573,0.0432890735100955,0.225439951522276,-0.483818300068378,0.410368303535506,0,0,0,0,0,0,0,0,0,0
-0.477124326745979,-0.415476383408532,0.381089071161114,0.407201664987952,-0.41031856671907,-0.212866392219439,-0.381180906901136,-0.0071621041279286,-0.173959242645651,-0.0498000902589411,0,0,0,0,0,0,0,0,0,0
0.109912650194019,0.392024998203851,-0.268514508148655,0.688568767858669,0.570706580532715,-0.217631476465613,0.23759220726788,-0.117235282436013,-0.068658531177789,0.212108452804387,0,0,0,0,0,0,0,0,0,0
0.995123057044111,0.0553301252657548,0.91570637060795,0.309536005137488,0.108218052540906,-0.267238979693502,-0.0232872697524726,-0.177380841225386,-0.10333939245902,-0.0581463039852679,0,0,0,0,0,0,0,0,0,0
-0.0388949882471934,-0.0780828198185191,-0.481682312092744,0.283940155641176,0.632353530265391,0.39684644411318,-0.220620626816526,-0.135093097342178,0.220247001387179,0.0089790550991892,0,0,0,0,0,0,0,0,0,0
-0.112825262593105,-0.210152050131001,0.161878464045003,0.623630471760407,-0.0513162517454475,0.394802775233984,0.0068761447910219,0.353462044615299,0.409641062142327,-0.038746336940676,0,0,0,0,0,0,0,0,0,0
-0.348905350547284,0.506871493766084,-0.0156858598347753,0.997576009132899,-0.459116038284265,0.364959035301581,-0.0399021585471928,-0.179062849376351,0.233673400478438,-0.482070290483534,0,0,0,0,0,0,0,0,0,0
0.365683204378001,0.523255127016455,-0.183557933429256,0.294326865463518,-0.374177593621425,-0.41930509917438,0.374545694096014,-0.382187948795035,0.0879751236643642,0.37016036384739,0,0,0,0,0,0,0,0,0,0
-0.27554087806493,-0.423243577009998,0.924568678368814,-0.353459987672977,-0.130088347825222,0.13516651513055,-0.0702242478728294,-0.124793092953041,0.481138133909553,-0.237961728591472,0,0,0,0,0,0,0,0,0,0
0.404008756042458,0.349697445402853,0.195034618023783,-0.354284705477767,0.98311983293388,-0.286061431514099,-0.214015351142734,0.232700686668977,0.392601398052648,0.107893756357953,0,0,0,0,0,0,0,0,0,0
0.419301501708105,-0.353528866660781,0.87097501649987,0.0730929189594463,0.431904077646323,-0.122649284778163,-0.106697193114087,-0.154687049565837,-0.162863018922508,0.392022162675858,0,0,0,0,0,0,0,0,0,0
-0.0145533815957606,-0.0167596200481057,-0.111860892502591,-0.204592803842388,0.936449462082237,0.265286469133571,-0.330664573702961,-0.334981888532639,0.104400583775714,-0.153231904143468,0,0,0,0,0,0,0,0,0,0
0.826132193556987,0.672530244803056,-0.20238006033469,0.0596496395301074,-0.0994750474346802,-0.0549476775340736,0.0664129494689405,0.35724993981421,-0.38481442281045,0.0472218212671578,0,0,0,0,0,0,0,0,0,0
0.116175395553,0.153399731381796,0.722087881993502,0.909857175080106,-0.424374471767806,-0.270565039012581,-0.332668439485133,0.288029589457437,-0.120428061811253,-0.0294007833581418,0,0,0,0,0,0,0,0,0,0
0.113087033387274,0.167961001978256,0.975620923796669,0.0738839928526431,0.917322335531935,0.0983567968942225,0.0793552629183978,-0.223610279848799,-0.177152742631733,-0.468815439846367,0,0,0,0,0,0,0,0,0,0
-0.444811057648621,-0.358874507830478,0.110772265004925,0.985268730088137,0.0806580486241728,0.0590862489771098,0.0667129033245146,0.35838495194912,0.169176034163684,-0.453318116022274,0,0,0,0,0,0,0,0,0,0
-0.464412861503661,0.173896372201853,-0.272545315441675,0.734563773148693,0.340620564762503,0.0134666333906353,0.229109240230173,-0.352557267760858,0.0035241115838289,0.069986843271181,0,0,0,0,0,0,0,0,0,0
0.584879634552635,0.551177297253162,0.341595310950652,0.194542061421089,0.310899626929313,0.429722489556298,0.269382896600291,0.356424584286287,0.235525648575276,0.133559689857066,0,0,0,0,0,0,0,0,0,0
0.547106312355027,0.492548372247256,-0.435545128071681,0.51465083938092,0.237775160116144,0.395529067609459,-0.271692699519917,-0.257315369090065,0.392328272107989,0.487034847028553,0,0,0,0,0,0,0,0,0,0
-0.359669682569802,0.439455589861609,-0.280176674714312,0.799406339181587,0.467675911029801,-0.247252207947895,0.271137139527127,-0.0153998807072639,-0.40023676911369,0.23108718264848,0,0,0,0,0,0,0,0,0,0
0.469630522304215,0.372661600471474,0.612111801630817,0.362254257895984,0.80657123576384,-0.149748195661232,-0.121499916072935,0.243469325359911,0.302156598307192,-0.402958962833509,0,0,0,0,0,0,0,0,0,0
-0.0120881189359352,0.366009642486461,0.0450079309521243,0.108952554874122,-0.350868731737137,0.493890629149973,-0.371104212012142,-0.296341312816367,0.47229240485467,0.0487142782658339,0,0,0,0,0,0,0,0,0,0
-0.346884640282951,-0.0218360959552228,0.160898805363104,0.94736991263926,-0.339547981042415,0.130397712811828,-0.464137971401215,-0.0487125101499259,-0.197997607989237,0.254503461765125,0,0,0,0,0,0,0,0,0,0
0.780353312497027,0.394796165055595,-0.134713340550661,-0.387209192384034,0.326646211091429,0.443858544807881,-0.196898627560586,0.177751749753952,0.0503295643720776,-0.407703909091651,0,0,0,0,0,0,0,0,0,0
0.0639279700117186,0.699912891490385,0.60418219328858,0.950246433727443,-0.429722456377931,-0.339728120481595,-0.302117539104074,0.0826151652727276,0.482917074579746,0.479376343078911,0,0,0,0,0,0,0,0,0,0
0.799685038859025,0.105592421372421,-0.216625364613719,0.538909345748834,-0.0504906108835712,0.397968208882958,0.253743151435629,0.429213092429563,0.247799291508272,0.296949097886682,0,0,0,0,0,0,0,0,0,0
0.0933057076763362,0.482302527641878,0.626053143874742,-0.308351572602987,0.247287676902488,-0.407434398541227,-0.283968850737438,0.0452110329642892,0.24285091413185,-0.465861722128466,0,0,0,0,0,0,0,0,0,0
0.598358139279298,0.134001114638522,-0.255191838368773,0.330385568435304,-0.401273675262928,-0.392151799751446,0.29681902541779,0.0760311945341527,0.433147929143161,-0.463630040176213,0,0,0,0,0,0,0,0,0,0
0.465358632616699,-0.0651172770885751,0.639932693680748,0.737721995683387,0.0927289576502517,-0.236802776576951,0.439093734836206,-0.217339751776308,-0.0382562377490103,-0.401349939173087,0,0,0,0,0,0,0,0,0,0
0.816564762033522,0.181506488588639,-0.244894768111408,0.760935841710307,-0.0216691291425377,0.295918060699478,-0.30531350360252,0.259904300794005,-0.435167566640303,-0.483582304790616,0,0,0,0,0,0,0,0,0,0
0.8115455575753,-0.372098914464004,0.602439399342984,0.0451955731259659,0.546723837032914,0.0612469806801528,-0.281463547144085,0.0621948931366205,-0.149547758512199,0.14123764145188,0,0,0,0,0,0,0,0,0,0
0.189964939840138,-0.124019915936515,-0.331264796783216,0.756417125929147,0.880266393534839,0.0360310552641749,0.341305232141167,0.471408403478563,0.480517924763262,0.427557524293661,0,0,0,0,0,0,0,0,0,0
-0.218246983829886,0.843439107062295,0.69924120802898,0.9931531236507,-0.0731743382057175,0.37695861957036,0.43794246064499,-0.450001465855166,0.386344276135787,0.320161120966077,0,0,0,0,0,0,0,0,0,0
-0.195610720082186,-0.0905459076166153,0.572980991448276,0.332378332386725,0.72459023038391,0.19896520790644,-0.372710615163669,-0.47778939967975,-0.367146569304168,0.483541711000726,0,0,0,0,0,0,0,0,0,0
0.470681730657816,-0.347641950123943,0.112814035150222,0.340947035700083,0.494435006286949,-0.41348088462837,0.280158234760165,-0.443923186976463,-0.003278370713815,0.252990970155224,0,0,0,0,0,0,0,0,0,0
0.573612000676803,0.10482548631262,0.417752929730341,-0.0512694657081738,0.171418649144471,-0.298591538565233,0.0988614785019308,-0.402287656674162,-0.321596451802179,0.37205434567295,0,0,0,0,0,0,0,0,0,0
0.30823051778134,-0.0263250028947368,0.173206317005679,0.253756014979444,0.693717438494787,-0.126384539995342,0.300557371461764,0.445006462512538,0.0420323028229177,0.290677342796698,0,0,0,0,0,0,0,0,0,0
-0.0869567462941632,0.528395475121215,0.768964027520269,0.348265468492173,0.0355242070509121,0.480644346214831,-0.358389405999333,-0.360640639206395,-0.290762057062238,0.232808128232136,0,0,0,0,0,0,0,0,0,0
0.905716392677277,-0.292002027155831,0.231105499900877,-0.028864236548543,0.895030472311191,0.0050486428663134,-0.239813074236736,-0.26698268414475,-0.196145395282656,0.315771521534771,0,0,0,0,0,0,0,0,0,0
0.700359127949923,0.677242725389078,0.564240207662806,0.816729553742334,0.903458728105761,0.421042765956372,-0.1506968063768,-0.406606387579814,-0.149866823805496,0.451582448557019,0,0,0,0,0,0,0,0,0,0
-0.0834158640354872,-0.10521691723261,0.16080485645216,0.872554783476517,0.7259891302092,0.14498081128113,-0.441365181002766,-0.116907614050433,0.3163108502049,0.0636803582310677,0,0,0,0,0,0,0,0,0,0
-0.437796949408948,0.609784383908845,-0.465267242863774,0.602731068618596,-0.383838510955684,0.148811240447685,-0.16414493508637,0.0326503929682076,-0.0128990898374468,-0.391127116512507,0,0,0,0,0,0,0,0,0,0
-0.440218640840612,0.119896912015975,0.387880561640486,0.831650955602527,0.600376600748859,-0.486438205465674,0.263895836891606,0.120474241441116,0.301114840665832,-0.459894260391593,0,0,0,0,0,0,0,0,0,0
0.0380096844164655,0.192880327114835,-0.244462531874888,0.459870631806552,0.800441813655198,-0.272863344755024,-0.486599389230832,0.0866325029637665,0.444177300436422,-0.380755170946941,0,0,0,0,0,0,0,0,0,0
0.480562133016065,-0.391305046039633,-0.0932893597055227,-0.168029988068156,0.799904153682292,0.0073199609760195,-0.481782386545092,-0.160077552776784,0.24129930161871,-0.333899425342679,0,0,0,0,0,0,0,0,0,0
0.0717267899308354,0.143921877257526,-0.146326781017706,0.567699586041272,0.308043931378052,0.449922054540366,0.0762892449274659,-0.278592810966074,-0.12823626678437,-0.0386170670390129,0,0,0,0,0,0,0,0,0,0
0.381717613665387,0.249451745301485,-0.463246181258,0.0851162044564262,-0.264913201797754,0.359180794563144,0.309861264424399,-0.370813612826169,0.427589405095205,-0.0571515697520226,0,0,0,0,0,0,0,0,0,0
0.392336633172818,0.204427240765654,0.358278142171912,0.777647386537865,0.229594392934814,0.180306456051767,-0.449178141076118,0.214725815225393,-0.199267032090575,-0.0319837229326367,0,0,0,0,0,0,0,0,0,0
0.715726899332367,0.296872491016984,0.953987884102389,-0.14766539260745,0.0380002547753975,0.175417384132743,0.306051266612485,0.264920866349712,-0.190003226976842,-0.384241164894775,0,0,0,0,0,0,0,0,0,0
0.941511423327029,0.541835211100988,0.618454843526706,0.357837344519794,0.116209518280812,0.169413275551051,-0.476863329997286,-0.21589199337177,-0.150389482267201,0.0759975858964026,0,0,0,0,0,0,0,0,0,0
0.0007193819619715,-0.352423972566612,0.6378422138514,0.720221399795264,0.154342575347982,-0.0771172754466534,0.26254218025133,0.43993172631599,-0.2121911495924,0.397019540891051,0,0,0,0,0,0,0,0,0,0
0.327802999294363,0.99225119035691,0.696849249652587,0.628739529522136,-0.478967795032077,0.17595301894471,-0.485705532133579,0.35091619589366,0.266371437115595,-0.24514237861149,0,0,0,0,0,0,0,0,0,0
0.832598245469853,0.0942316317232326,0.257692942512222,-0.193793777027167,-0.370136894984171,-0.167869668453932,-0.498201359761879,0.354524585884064,-0.45212896168232,-0.435847698012367,0,0,0,0,0,0,0,0,0,0
-0.3471130017424,-0.436559063149616,0.530752175021917,0.442845702986233,-0.497768539353274,-0.231092110276222,-0.159134026616812,0.42095623863861,-0.460041642654687,-0.351466357242316,0,0,0,0,0,0,0,0,0,0
0.851646207040176,0.86036656901706,0.568023437983356,-0.0434847427532077,0.154463701881468,-0.151045767124742,-0.48198290169239,-0.0556899488437921,-0.324986605672166,0.0610551536083221,0,0,0,0,0,0,0,0,0,0
-0.0867627181578428,-0.287142832181416,0.631235314533114,-0.466131870052777,0.950975782237947,-0.348055215086788,-0.0114143309183419,0.282765774289146,0.214639429003,0.437536595622078,0,0,0,0,0,0,0,0,0,0
0.916680010734126,0.29860126064159,0.608195527107455,0.398844958865084,0.0242383138975129,-0.297097530215979,-0.145567208295688,-0.459073985926807,-0.261611176421866,0.446969211101532,0,0,0,0,0,0,0,0,0,0
0.903708990779705,0.482685191556811,0.376377751817927,0.49707070691511,0.830933244666085,0.228348749922588,-0.028284172527492,-0.039845302933827,0.3639347597491,0.124013433931395,0,0,0,0,0,0,0,0,0,0
-0.252680758479983,0.685575039125979,0.999443218810484,-0.431518267607316,-0.179156940430403,0.036312818992883,0.371226605726406,-0.0596226674970239,0.175063432659954,-0.374792303657159,0,0,0,0,0,0,0,0,0,0
0.603157589444891,-0.299586150911637,0.509305356419645,0.274014339782298,-0.415708872606046,-0.0080908697564154,-0.106127172475681,0.300446453504264,-0.0320577074307948,0.403367232531309,0,0,0,0,0,0,0,0,0,0
0.0857309538405389,0.38113720563706,-0.404519478557631,-0.0793572592083365,0.755194112309255,-0.309295521583408,0.490234915632755,-0.470039498526603,0.475211150944233,-0.1707442055922,0,0,0,0,0,0,0,0,0,0
0.261436928412877,-0.453568112803623,0.379425782361068,-0.44284531485755,0.51377403922379,0.193762206239626,-0.159765899879858,0.0340965739451349,0.308767271460965,0.469985009171069,0,0,0,0,0,0,0,0,0,0
0.0892656575888395,0.794628720730543,-0.489475050591864,0.551814617356285,0.22949413175229,0.171781311044469,0.423833836102858,-0.092895362759009,-0.176090610213578,0.273025632137433,0,0,0,0,0,0,0,0,0,0
0.676543283509091,0.213958287145942,-0.412647319608368,0.82206514745485,-0.285037569119595,-0.284171076957136,0.391955660423264,-0.305859766434878,-0.0355663099326193,-0.124392068712041,0,0,0,0,0,0,0,0,0,0
-0.126793323899619,0.382815548684448,0.463029152946547,-0.434378421632573,-0.485877305851318,-0.199091829825193,-0.36004930967465,-0.0097281853668391,-0.127391460817307,0.382167434087023,0,0,0,0,0,0,0,0,0,0
0.323923778021708,0.684340236359276,0.864943830645643,0.234605063218623,0.986013170215301,-0.234080384252593,0.199961742153391,-0.170256046578288,0.0036682793870568,-0.11860371241346,0,0,0,0,0,0,0,0,0,0
-0.387838316732086,-0.281166259315796,0.259796814527363,0.7355358308414,0.399803516454995,-0.46636973018758,0.102733820676804,0.0366031241137534,0.0763241676613688,0.12038693507202,0,0,0,0,0,0,0,0,0,0
0.730752705829218,0.0998612287221476,-0.374458106583916,-0.209103757981211,0.593042580061592,-0.430916770128533,0.262604629155248,0.245196744101122,-0.0105246438179165,-0.248346317792311,0,0,0,0,0,0,0,0,0,0
0.62579559488222,0.517605407163501,0.709970941999927,0.037866982864216,0.748782910523005,-0.222848762059584,-0.282180136535317,0.464844777015969,-0.31638589524664,-0.437343067256734,0,0,0,0,0,0,0,0,0,0
0.41881363443099,0.641990854637697,0.818915755255148,0.976668215706013,-0.257646435056813,-0.496662645833567,-0.470038314349949,0.278065220685676,-0.206870865775272,-0.417341942898929,0,0,0,0,0,0,0,0,0,0
-0.155027520959266,-0.350581445498392,0.0772822427097708,0.669745188439265,-0.411404140526429,0.0847789379768074,-0.298347183968872,0.423097832826898,-0.390886329347268,-0.293331903405488,0,0,0,0,0,0,0,0,0,0
0.504728464991786,0.183502171537839,0.505619410658255,-0.352092177025042,0.935733703081496,0.0960120328236371,0.110690438188612,0.318587182322517,0.384444507071748,-0.403314299415797,0,0,0,0,0,0,0,0,0,0
-0.373391586937942,0.29708091437351,-0.0454482741188258,-0.182037154445425,0.977505920571275,0.488678111229092,0.286165450699627,-0.421128104440868,-0.135168411070481,-0.208262974629179,0,0,0,0,0,0,0,0,0,0
0.46128653222695,-0.330160987447016,0.764012027066201,-0.0350575951160863,-0.3152521091979,0.25045059248805,0.051775821717456,0.295064394595101,-0.170233719283715,0.227458661654964,0,0,0,0,0,0,0,0,0,0
0.158164464053698,-0.0891583188204095,0.82540631305892,0.427889970946126,0.97774424252566,0.0194632736966014,0.446286001475528,-0.284278850769624,0.257987420307472,-0.404162870021537,0,0,0,0,0,0,0,0,0,0
0.361365390941501,-0.0596658510621637,0.38782501372043,-0.238790965988301,0.434004647890106,-0.339217882603407,-0.455480486387387,-0.200182182015851,0.0448207438457757,0.377131650689989,0,0,0,0,0,0,0,0,0,0
0.226433509495109,0.114922311506234,0.586087863193825,0.382882137666456,-0.140194389619865,-0.0521309904288501,-0.311968825059012,0.345486206235364,-0.395273910136893,0.376826575025916,0,0,0,0,0,0,0,0,0,0
-0.101589750614949,0.0647930131526664,0.000919559970498,-0.342665709205903,0.734824591083452,-0.484402562491596,0.374756323406473,-0.231837968574837,-0.16047156881541,0.0750072908122092,0,0,0,0,0,0,0,0,0,0
-0.133778366493061,0.957801154814661,0.543781137675978,-0.0751825451152399,0.972599322092719,-0.452697216300294,-0.219913425622508,0.217834591632709,0.0049692951142787,-0.0609972928650677,0,0,0,0,0,0,0,0,0,0
0.946246130974032,0.353511066059582,-0.473977143876255,0.378361969720572,-0.0144648170098662,-0.236332677071914,0.0897257323376834,-0.0208775545470417,-0.338972518686205,-0.0747561156749725,0,0,0,0,0,0,0,0,0,0
0.378261309349909,0.861607962055132,-0.498158510192297,0.0733005530200899,-0.145055889617652,-0.205101583618671,-0.196828011423349,0.172055295901373,-0.103542311117053,-0.467690125806257,0,0,0,0,0,0,0,0,0,0
0.178196173976175,0.0459917089901865,0.135343855363317,0.575071935076267,0.71781518694479,-0.44028146401979,-0.0157068518456072,-0.01436294359155,0.426994353765622,-0.261437165318057,0,0,0,0,0,0,0,0,0,0
0.094491321942769,-0.10483696940355,0.0912510748021305,0.259540094295517,0.289619042421691,-0.460377694107592,0.451561164110899,0.127377597382292,-0.0833948717918247,-0.405613674083725,0,0,0,0,0,0,0,0,0,0
0.590901855262928,0.754205838777125,0.585599986836314,0.558921332354657,0.321467834990472,0.43823259905912,-0.48340864572674,0.0215374489780515,0.451157234609127,0.476326040225103,0,0,0,0,0,0,0,0,0,0
0.697375176358037,0.203470530337654,-0.0971611755667254,0.423743678838946,0.899455176317133,0.439841414568946,-0.423131262883544,0.284704388584942,-0.209612561855465,0.0290776703041047,0,0,0,0,0,0,0,0,0,0
-0.228844732162543,0.402732050395571,0.398399770841934,-0.287320692325011,-0.361080723931082,0.235683148028329,0.0783354109153152,-0.358124241232872,-0.482312824809924,-0.461779306409881,0,0,0,0,0,0,0,0,0,0
0.0470189210027456,-0.358825253322721,0.0989447999745607,0.313472565962002,0.035646062460728,-0.175750270253047,-0.278416473651305,0.0411465335637331,-0.149373076157644,-0.184348686365411,0,0,0,0,0,0,0,0,0,0
0.478542729630135,0.14561577537097,0.193614454357885,0.250039038714021,-0.0156089569209144,-0.233132324647158,-0.436372324591503,-0.263729933416471,-0.058677637251094,0.316321424208581,0,0,0,0,0,0,0,0,0,0
-0.16235918039456,0.14697106834501,-0.352670093532652,-0.243141814600676,-0.472476180410013,-0.476311184931546,-0.0590000585652888,0.0832427192945033,-0.306370698846877,-0.117762847337872,0,0,0,0,0,0,0,0,0,0
-0.0028272080235183,-0.412380408728495,0.436387763009407,-0.0377370653441176,-0.153915051021613,-0.297202334506437,-0.193064713384956,0.0225477968342602,0.370385888963938,0.448777955258265,0,0,0,0,0,0,0,0,0,0
0.947731293854304,0.116643567103893,0.491028300835751,-0.0715724230976775,0.957759852986783,-0.141342949820682,0.0652556943241507,0.350202553672716,-0.0764256319962442,0.02787762042135,0,0,0,0,0,0,0,0,0,0
-0.493889083736576,0.498487218166701,-0.0871624067658558,-0.227306301239878,0.78952193306759,-0.248580476501957,0.165724288672209,-0.208484408445656,0.0790732547175139,-0.0064896964468061,0,0,0,0,0,0,0,0,0,0
0.577142458292656,-0.46001597319264,0.493388164555654,0.193659299984574,-0.497553046210669,-0.262172478018329,0.423387687187642,-0.399873740039766,0.063147651264444,-0.243022408569232,0,0,0,0,0,0,0,0,0,0
0.226899037603289,0.985745183308609,0.770060935406946,0.0943134586559609,-0.045926806749776,0.487579187145457,0.0914013781584799,-0.456545562017709,-0.101676263846457,-0.311484192730859,0,0,0,0,0,0,0,0,0,0
0.143149574636482,0.953278919332661,-0.278855542535894,-0.317381492932327,-0.0899369179969653,0.124743071617559,-0.436535808257759,0.419297544751316,0.0948720423039049,-0.0846943627111614,0,0,0,0,0,0,0,0,0,0
-0.388060977449641,0.897484494838864,0.704712638515048,-0.237106536631472,0.567869331454858,0.404587455559522,0.270947912707925,0.0029221272561699,-0.13241141452454,-0.302039275411516,0,0,0,0,0,0,0,0,0,0
-0.460148502606899,-0.237131056492217,0.066429948899895,0.86827083886601,0.211461854283698,0.0506036942824721,0.280806613154709,-0.296118442667648,-0.22237150860019,0.127884197048843,0,0,0,0,0,0,0,0,0,0
0.820892060990445,0.177854493376799,0.183836809592322,0.0958601234015077,-0.456563946092501,0.393375841667876,0.0329105872660875,0.245194371789694,-0.179597344249487,0.093696057330817,0,0,0,0,0,0,0,0,0,0
-0.243872847175226,-0.114258981891908,0.338408574229106,0.785628155921586,0.687595580006018,0.2369052877184,-0.342334715649486,0.197029659291729,-0.240293825976551,-0.215169593691826,0,0,0,0,0,0,0,0,0,0
0.0414044910576195,-0.286200362257659,0.628223393228836,0.398764834506437,0.747827283805236,-0.263844316359609,0.369403839111328,0.343236192595214,0.270141165005043,0.162279802607372,0,0,0,0,0,0,0,0,0,0
0.366928147152066,0.185644274111837,-0.113287567161024,-0.132499412051402,0.262743922066875,0.428796606371179,-0.0509500773623586,0.0534348746296018,0.497257004724815,0.214773598825559,0,0,0,0,0,0,0,0,0,0
-0.21087310789153,0.602179331239313,0.278518961044028,0.470788012142293,-0.375372004345991,0.097612472018227,0.0918259064201266,0.404921397566795,-0.412272258428857,-0.201581446221098,0,0,0,0,0,0,0,0,0,0
0.542498062830418,0.873929961817339,0.384428699384443,0.862037234241143,0.373691945220344,0.417704870458692,-0.330051786266267,-0.340384322684258,0.166530742775649,-0.0142009695991874,0,0,0,0,0,0,0,0,0,0
0.520334344939329,0.833784843212925,0.774064771831036,-0.450839774683118,-0.0984064361546189,0.276253420393914,0.0394371307920665,-0.0844652792438865,-0.3957544779405,-0.326010723598301,0,0,0,0,0,0,0,0,0,0
-0.0692333007464185,-0.20781592221465,0.652881838264875,0.962749804602936,0.66291116469074,-0.235274084843695,-0.102172748884186,0.0601094956509769,-0.0322033111006021,0.462053238414228,0,0,0,0,0,0,0,0,0,0
0.859091978054494,0.0270382907474414,0.616167776635848,0.929430853808299,-0.131601094850339,0.420698051573709,-0.231723646866158,-0.0986005256418139,-0.0120078942272812,0.291417602216825,0,0,0,0,0,0,0,0,0,0
-0.383513085311279,0.454937047092244,-0.235041084466502,-0.3007891792804,0.637507597799413,0.125823660288006,-0.463319100439548,0.447338558034971,0.265753795392811,0.374645013595,0,0,0,0,0,0,0,0,0,0
-0.167666964000091,0.601237272727303,-0.32411693118047,0.768695460865274,-0.44390362338163,-0.327861834783107,-0.418127851327881,0.469716077670455,-0.0479799420572817,0.253983250586316,0,0,0,0,0,0,0,0,0,0
0.852037762408145,-0.170537146274,-0.263246168731712,0.742829473805614,-0.121663234196603,0.143492666538805,0.0346343414857984,0.0948187587782741,-0.360907752998173,0.157748206052929,0,0,0,0,0,0,0,0,0,0
-0.316283626016229,0.0885174627183005,0.573269891552627,0.416133659891784,0.616065913112834,0.212537625106052,0.166221265681088,-0.295946554047987,0.0749134500510991,0.313346180133522,0,0,0,0,0,0,0,0,0,0
0.410004990757443,-0.493722132989205,0.456986875738949,-0.484510534559377,0.882845126907341,0.170207850635052,0.487257677363232,-0.286771023180336,-0.0923061859793961,0.276489250827581,0,0,0,0,0,0,0,0,0,0
0.357398494612426,-0.279218257172033,0.760122235864401,0.0075820788042619,0.288196798996069,0.359834850532934,-0.131721212528646,-0.355764003237709,0.0227883621118963,0.339408651925623,0,0,0,0,0,0,0,0,0,0
-0.191050053923391,-0.278368873870932,0.111650204751641,0.333321722224355,0.478783835074864,-0.125194955617189,0.115546207409352,-0.010339017258957,-0.349830682855099,0.456124693155289,0,0,0,0,0,0,0,0,0,0
-0.0577822310151532,0.59558339859359,0.495344701921567,0.857024505850859,0.140245078946464,-0.0013445732183754,-0.373233859660104,0.312896511750296,-0.430874003795907,0.451129231601954,0,0,0,0,0,0,0,0,0,0
0.633189265732653,0.0882271967129782,0.976670966367237,-0.499045650474727,0.445007335045375,0.48250644793734,0.0348504786379635,-0.154568437486887,0.0383974758442491,0.244625942315906,0,0,0,0,0,0,0,0,0,0
-0.427588454214856,0.380622576689348,0.110952331335284,0.0778917024144903,0.36177365842741,0.0326300987508148,-0.114013922167942,-0.139753363095224,-0.0017930574249476,-0.43653160170652,0,0,0,0,0,0,0,0,0,0
0.278216678532772,0.0344559855293483,0.0416990231024101,0.359132683835924,0.554034721571952,-0.436648821691051,0.248073833994567,0.0466314293444157,0.398332487093285,-0.061649396782741,0,0,0,0,0,0,0,0,0,0
0.405606346786954,0.595127354259603,-0.171800968586467,0.711406642571092,-0.227222850662656,-0.130716209067032,-0.487793144304305,0.0318078878335655,-0.0635647848248482,-0.319488757057115,0,0,0,0,0,0,0,0,0,0
-0.0608715591952205,-0.19832765951287,0.176253412268125,-0.141691531636752,0.864978419966064,0.289802015060559,0.152637864695862,0.227686853148043,0.336548519320786,-0.050023184157908,0,0,0,0,0,0,0,0,0,0
0.0154883980285376,0.667640460422263,0.978763050981797,0.38544083898887,0.0151900494238362,0.152613704791293,-0.422289623878896,-0.453305950155482,0.1217235699296,0.367122897179797,0,0,0,0,0,0,0,0,0,0
-0.455257418332621,0.826359638595022,0.699291616096161,0.598283051745966,-0.253834196715616,0.185488645685837,0.059213341679424,0.26835974259302,0.339959367644042,0.269359374186024,0,0,0,0,0,0,0,0,0,0
0.852768600103445,0.105607496574521,0.054841025499627,-0.381584303220734,-0.297389927087352,0.0105224507860839,-0.398502566618845,-0.476005448494107,0.433932506712154,0.178381354082376,0,0,0,0,0,0,0,0,0,0
0.345733557478525,0.923587579745799,0.566817109589465,0.708745448384434,0.592719807638787,0.497688555158675,-0.315196650801226,0.372347077121958,-0.402719283709303,-0.201894515193999,0,0,0,0,0,0,0,0,0,0
-0.0747512818779796,-0.198512854520231,0.0540409008972347,0.817115011275746,0.703764906851575,0.0519247683696449,0.415519402129576,-0.328864707611501,0.135131540941074,-0.483522379538044,0,0,0,0,0,0,0,0,0,0
0.177972984500229,0.800242343568243,0.901425603195094,0.437773785437457,0.422384059405886,0.359209419228137,0.34974759304896,0.278771312907338,0.067851334810257,0.0657584986183792,0,0,0,0,0,0,0,0,0,0
-0.0191994066117331,0.300361294066533,0.1959982693661,0.955594363156706,0.150733837042935,-0.0490535241551697,0.291585605824366,-0.427550935884938,-0.107420017244294,-0.0022641355171799,0,0,0,0,0,0,0,0,0,0
0.163798436406069,-0.370859165675938,0.795577538199723,0.530624129576609,-0.120933928643353,0.18720063357614,-0.173259241040796,-0.362542110029608,0.280679868999869,-0.0815706881694496,0,0,0,0,0,0,0,0,0,0
0.530704265111126,0.347750377841294,0.673410519957542,-0.0959993187570944,-0.0997308142250404,0.398566518444568,-0.0199725341517478,-0.414230654481798,-0.331999189220369,-0.0946664048824459,0,0,0,0,0,0,0,0,0,0
0.824297422892414,-0.354701383155771,-0.0205488364445046,0.538121505524032,0.859384874231182,0.11569148558192,-0.421219853451476,0.377533276565373,-0.20108908507973,0.047035746043548,0,0,0,0,0,0,0,0,0,0
-0.271611278411001,-0.238045565434732,-0.0433210483752191,0.414942628820427,-0.198193431715481,0.380017663585022,0.420231352094561,-0.176780752837658,0.118588791694492,0.0180439727846533,0,0,0,0,0,0,0,0,0,0
0.117980642709881,0.225149866426364,-0.269180280272849,-0.143415168742649,-0.358895583427511,0.0553849672432989,0.480276314541698,0.454661935800686,-0.328934671590105,-0.148380883038044,0,0,0,0,0,0,0,0,0,0
-0.218459298834205,-0.0291136861778796,-0.0515547409886494,0.685376456123777,-0.167581145884469,0.145346962148324,-0.477973116794601,-0.259163525421172,-0.251591246342286,0.199184975354001,0,0,0,0,0,0,0,0,0,0
0.210522716166452,0.757159121334553,0.654695814824663,-0.0149153142701834,0.300205134321004,-0.35574544663541,0.004274271428585,-0.245995432604104,0.278012265451252,-0.337327145505697,0,0,0,0,0,0,0,0,0,0
0.642702247365378,0.278804742731154,0.847576393163763,-0.391308903810568,0.440007912227884,-0.401075853733346,0.358519858447835,-0.111974579049274,-0.252881401218474,0.435061875265092,0,0,0,0,0,0,0,0,0,0
-0.322766410303302,0.390453415107913,-0.0177345810225233,0.794188212603331,-0.141428386326879,0.454762606415898,-0.358256191713735,0.405098256655037,-0.161352731985971,-0.253652826882899,0,0,0,0,0,0,0,0,0,0
0.149090551654808,0.194535925867967,0.0442058722255751,0.865328193292953,-0.20140611671377,0.422438221052289,-0.0306578453164548,0.0969452783465385,0.357119460124522,0.161127249477431,0,0,0,0,0,0,0,0,0,0
0.236488887574524,-0.120501738158055,0.622851360938512,0.19780682947021,-0.179673264967278,0.344541650498286,-0.0196423889137805,-0.26779214432463,0.0820147758349776,0.455011253943667,0,0,0,0,0,0,0,0,0,0
0.473168103140779,0.934988516266458,0.858468207996339,-0.357991018565372,0.172076417598873,0.402465990977362,-0.404731029877439,0.313930188538507,0.214074218180031,-0.168776383856311,0,0,0,0,0,0,0,0,0,0
0.711028660996817,-0.421860155416653,0.668576996657066,-0.0325599220814183,-0.0441479968139902,-0.33689952432178,0.125635515665635,-0.0713001098483801,0.247774190735072,-0.474386535119265,0,0,0,0,0,0,0,0,0,0
0.653768351650797,-0.13451636757236,0.217717943713069,0.174718867405318,0.253463419852778,0.311309400014579,0.0864234948530793,0.289093727013096,-0.0343624879606068,0.384271528804675,0,0,0,0,0,0,0,0,0,0
-0.252565456670709,-0.244061288773082,0.075031868298538,-0.12400881096255,-0.0805849618045613,-0.332193640526384,-0.180545722832903,0.0280889230780303,0.0056776476558297,0.0099079401697963,0,0,0,0,0,0,0,0,0,0
0.672840149956755,0.281261792173609,0.650074229692109,0.724116714322008,0.448278035386465,0.0200413290876895,-0.410075195133686,0.160346338059753,0.112907411996275,0.375951936701313,0,0,0,0,0,0,0,0,0,0
0.504405226325616,0.198497869540006,-0.339908450725488,0.465253735543229,-0.238127192249522,0.190697399200872,-0.143959549255669,-0.434486611746252,-0.426303106360137,-0.0299766303505749,0,0,0,0,0,0,0,0,0,0
0.330098031437956,-0.281171952025034,0.352973733330145,0.418079002178274,0.763276626472361,-0.0591471064835787,-0.145526087842882,0.0298063387162983,-0.256385037908331,0.133111611008644,0,0,0,0,0,0,0,0,0,0
0.836905503645539,0.357389452285133,0.16172495263163,-0.433836389100179,0.267068177694455,-0.492736142128706,0.0161137871909887,-0.244141509057954,-0.136028721230105,-0.294088408118114,0,0,0,0,0,0,0,0,0,0
0.723428707802668,0.0202582192141563,0.531646884861402,0.378282645484433,-0.345267102704383,-0.331374688539654,0.328570046694949,-0.263047446496785,0.105213272385299,0.204785403097048,0,0,0,0,0,0,0,0,0,0
0.61075781902764,-0.467145662638359,0.0987116964533925,0.211948231677525,0.719261741731316,-0.394701848039404,-0.232281578937545,0.251145852264017,-0.244943551020697,-0.105785073945299,0,0,0,0,0,0,0,0,0,0
0.923963063512929,0.615613916888833,-0.0430314330151305,-0.0383779875701293,0.528037786134519,-0.1858685456682,0.487165662460029,-0.233876248355955,-0.443457172019407,0.0632985800039023,0,0,0,0,0,0,0,0,0,0
0.465664476738311,-0.015936259762384,0.992298352881335,0.892349190544337,0.831989231752232,-0.409133116947487,0.14250088413246,-0.253275228431448,-0.370262587442994,0.342163103632629,0,0,0,0,0,0,0,0,0,0
-0.217492235009558,-0.261596473283134,0.285482329782099,0.0730714801466092,0.55564289202448,0.421908520627767,-0.135784601327032,0.439325633225963,-0.267402274068445,-0.117802111199126,0,0,0,0,0,0,0,0,0,0
0.845490150037222,-0.11821057391353,-0.16463305731304,-0.0052111777476966,0.365297319367528,0.389764368068427,-0.192535230424255,-0.413119031582028,0.448802097002044,0.458222606685013,0,0,0,0,0,0,0,0,0,0
-0.145769163733348,0.154124498134479,0.952734284568578,0.084280415205285,-0.226093092351221,-0.384811783209443,-0.181547072483227,-0.460190348792821,0.108008148148656,0.318846181500703,0,0,0,0,0,0,0,0,0,0
0.739515311899595,0.726255488931201,-0.0723164902301505,0.286845934460871,0.204304486745968,0.199707042658702,-0.469367104116827,-0.216480131261051,0.440296070883051,0.217340958770365,0,0,0,0,0,0,0,0,0,0
0.671800496056676,0.673763003782369,-0.195518561755307,0.673060918808915,-0.399963439558633,-0.397331450134516,0.432888630311936,0.229378374526277,0.0648407177068293,0.11185273132287,0,0,0,0,0,0,0,0,0,0
-0.323892383486964,-0.226444566156715,-0.35956612310838,0.559989443863742,0.277192614274099,0.010915657505393,-0.336231952765957,0.400559282163158,-0.316345618106425,0.272859363118187,0,0,0,0,0,0,0,0,0,0
-0.1658228719607,0.104571312083863,0.833671182161197,0.613655057037249,-0.0304603883996606,0.251312477746978,0.372836094349623,-0.476748411310837,-0.1402670040261,0.29042392084375,0,0,0,0,0,0,0,0,0,0
0.972240353818052,-0.164636848727241,-0.298471627058461,0.891379617038183,0.27797804470174,-0.102011403534561,-0.0328520908951759,-0.226959831314161,-0.0778969784732908,0.119730552891269,0,0,0,0,0,0,0,0,0,0
-0.422506125643849,-0.177277507493272,0.598125496762805,0.890402901452035,-0.0977789214812219,0.001912803389132,-0.194648075615987,0.298087758710608,0.34163538669236,0.495848722057417,0,0,0,0,0,0,0,0,0,0
0.264176656142808,0.089894947130233,0.864036430954002,0.437700025038794,-0.120272769359872,-0.183770818868652,0.342087428551167,-0.306110141333193,-0.374214099952951,0.433660720009357,0,0,0,0,0,0,0,0,0,0
-0.373770027072169,0.75210491544567,0.834025946562178,0.438979757251218,-0.463135726982728,0.420053628273308,0.381173885660246,-0.318998033646494,0.158627008320764,-0.242028061766177,0,0,0,0,0,0,0,0,0,0
0.868181448313408,0.173510116990656,-0.496895699994639,0.911076552351005,0.561869689146988,0.217414888553321,-0.269214137690142,0.0301182230468839,0.177276553586125,-0.24925819132477,0,0,0,0,0,0,0,0,0,0
-0.393833833397366,0.675439280690625,-0.167057237471454,0.406194500741549,-0.202431697049178,-0.0384049860294908,0.425299948081374,0.195272913435474,-0.317153782816604,-0.484376849606633,0,0,0,0,0,0,0,0,0,0
-0.144580380059779,-0.189208652824163,0.448489903355949,0.478339969646186,0.789137081825174,-0.118598187807947,0.333105925703421,0.334061055444181,-0.150112871546298,-0.241832668893039,0,0,0,0,0,0,0,0,0,0
0.57252847973723,0.0091406444553285,0.323493932024576,0.351360574946739,-0.0062346385093405,-0.472720695892349,0.0174593278206885,-0.259972739731893,-0.335741586051881,-0.263156627072021,0,0,0,0,0,0,0,0,0,0
-0.482731479452923,0.468130917404778,0.302102011744864,0.218449612613767,0.416367688914761,-0.143202949082479,-0.264844976365566,0.391766017535701,0.193205002462491,0.413670493289828,0,0,0,0,0,0,0,0,0,0
-0.489083788590506,0.613722263835371,0.292066895868629,-0.337826558155939,-0.466681938734837,0.414754978148267,-0.448551250156015,-0.0573896591085941,-0.389860742958263,-0.235724025173113,0,0,0,0,0,0,0,0,0,0
0.221921179676428,-0.0547131290659308,0.479910090798512,-0.348728399490938,0.329222721164115,-0.343605696456507,0.34800664219074,0.19074374018237,-0.055063490755856,-0.325926632620394,0,0,0,0,0,0,0,0,0,0
0.416622865479439,-0.108929070062004,0.839741087867878,0.613126646145247,0.913021006155759,0.188425337197259,-0.349282400682569,-0.0384980980306864,-0.295552756870165,-0.134636994684115,0,0,0,0,0,0,0,0,0,0
-0.434675305499695,0.982373298727907,0.131405569263734,0.734382348950021,0.178411140455864,-0.437863569473848,0.248872641008347,-0.363853942835703,0.326658311067149,0.275871960679069,0,0,0,0,0,0,0,0,0,0
0.881992738693953,-0.04099265136756,0.869685606332496,-0.0063797194743529,0.338391390629113,0.196009387494996,-0.431853234302253,0.33138227253221,-0.102186509873718,-0.135297602042556,0,0,0,0,0,0,0,0,0,0
0.0638642144622281,0.637457982869819,0.576048367074691,0.593194860033691,0.0301134063629434,-0.4316075083334,-0.299623355269432,-0.202689759200439,0.372524616541341,-0.314251702977344,0,0,0,0,0,0,0,0,0,0
0.389700464555062,0.524069720180705,0.931713913800195,0.318194962339476,-0.0869830874726176,-0.189843785250559,-0.498442548094317,0.235757050570101,0.162255773087963,-0.167619006941095,0,0,0,0,0,0,0,0,0,0
0.797177411266603,0.52211109851487,-0.438307306729257,0.996752628241666,-0.254700298071839,-0.232225028332323,0.362923527136445,0.305680385092273,0.0846254252828658,0.315412302967161,0,0,0,0,0,0,0,0,0,0
-0.381752317771316,0.0120273167267442,0.121217753272504,0.100281807477586,0.80151891161222,0.372513537295163,-0.233009960968047,0.293920987285674,-0.0502459157723933,-0.40197124844417,0,0,0,0,0,0,0,0,0,0
0.925142419640906,-0.0806601841468364,0.316485567833297,-0.480438844533637,-0.166760430089198,-0.0602983899880201,-0.0592084773816168,-0.37820169585757,-0.027904381044209,0.0139670770149678,0,0,0,0,0,0,0,0,0,0
0.640976838534698,-0.289591282838956,0.109978680033237,0.111008039209992,-0.160706631606445,-0.0830417803954333,-0.311320037348196,-0.268715410726145,-0.0390976823400706,0.382200154708698,0,0,0,0,0,0,0,0,0,0
0.330384896486066,0.81102845701389,0.915569261531346,-0.487420066026971,0.005411371239461,-0.449453527806327,0.0300529340747744,0.33721534977667,-0.151293296599761,-0.354840442305431,0,0,0,0,0,0,0,0,0,0
0.82352472981438,-0.115241044433787,-0.231461341260001,0.345585856121033,0.880130174336955,-0.409308740170673,0.367591717513278,0.0483749527484179,0.412598243216053,-0.150012293364853,0,0,0,0,0,0,0,0,0,0
0.44156877102796,0.699279048480093,-0.192923064925708,0.0797039470635355,0.533576106652617,-0.323885415913537,-0.0934594478458166,-0.323085240786895,0.476545973215252,0.0726145908702165,0,0,0,0,0,0,0,0,0,0
0.0068485389929264,0.918049818021245,0.501456641126424,0.648367238696665,0.951134295202792,0.301079038763419,-0.42184065352194,0.365937553113326,-0.307049354305491,-0.117636807961389,0,0,0,0,0,0,0,0,0,0
0.0296121123246849,-0.0566781105007976,-0.23181511904113,0.243699620594271,0.272645694785751,-0.467979017179459,-0.0835485327988863,-0.286056379321963,-0.187556781573221,0.335541413864121,0,0,0,0,0,0,0,0,0,0
0.552718655206263,0.351083969697356,-0.421902934205718,-0.426947159692645,0.644826700096019,0.35258164210245,-0.148720351513475,0.30745851714164,-0.378548853565007,-0.0074497377499938,0,0,0,0,0,0,0,0,0,0
